日期,行业层级,一级行业代码,一级行业,指数代码,指数名称,收盘价,成交额,日收益率,20日年化波动率
2026-08-18,一级行业,801170,交通运输,801170,交通运输,2066.78000000,178.42620000,0.00410039,0.15730699
2026-08-18,一级行业,801760,传媒,801760,传媒,688.50000000,389.03630000,-0.01361032,0.36029326
2026-08-18,一级行业,801160,公用事业,801160,公用事业,2466.59000000,412.26470000,-0.00341409,0.22274458
2026-08-18,一级行业,801010,农林牧渔,801010,农林牧渔,2539.96000000,356.20730000,0.03573759,0.24544619
2026-08-18,一级行业,801150,医药生物,801150,医药生物,8211.00000000,1464.67290000,-0.00691687,0.27350932
2026-08-18,一级行业,801200,商贸零售,801200,商贸零售,1814.32000000,152.52160000,0.00290759,0.21305644
2026-08-18,一级行业,801740,国防军工,801740,国防军工,1686.97000000,480.33340000,-0.00410291,0.27351363
2026-08-18,一级行业,801030,基础化工,801030,基础化工,4451.31000000,1253.16210000,0.00346940,0.26591759
2026-08-18,一级行业,801110,家用电器,801110,家用电器,8668.16000000,209.77160000,0.00724393,0.14809773
2026-08-18,一级行业,801710,建筑材料,801710,建筑材料,6232.40000000,308.93900000,-0.01033429,0.46495176
2026-08-18,一级行业,801720,建筑装饰,801720,建筑装饰,1980.04000000,331.03610000,-0.00266957,0.16077219
2026-08-18,一级行业,801180,房地产,801180,房地产,1904.94000000,143.08130000,-0.00346835,0.18586144
2026-08-18,一级行业,801050,有色金属,801050,有色金属,8576.71000000,1267.83000000,-0.00576483,0.42996394
2026-08-18,一级行业,801890,机械设备,801890,机械设备,2338.79000000,1868.80730000,0.00403970,0.42380930
2026-08-18,一级行业,801880,汽车,801880,汽车,6613.86000000,568.24500000,-0.00050172,0.21399690
2026-08-18,一级行业,801950,煤炭,801950,煤炭,3303.29000000,113.66620000,0.01271376,0.33323500
2026-08-18,一级行业,801970,环保,801970,环保,1948.62000000,166.06130000,-0.00785622,0.23088371
2026-08-18,一级行业,801730,电力设备,801730,电力设备,9791.13000000,1687.33300000,-0.00644166,0.30888067
2026-08-18,一级行业,801080,电子,801080,电子,9408.66000000,7435.57500000,-0.00273148,0.69483136
2026-08-18,一级行业,801960,石油石化,801960,石油石化,2689.57000000,165.81160000,0.01884984,0.30835905
2026-08-18,一级行业,801210,社会服务,801210,社会服务,7360.22000000,108.00640000,-0.00094202,0.25010657
2026-08-18,一级行业,801130,纺织服饰,801130,纺织服饰,1557.34000000,103.78230000,-0.00214009,0.23220427
2026-08-18,一级行业,801230,综合,801230,综合,4510.71000000,49.49280000,-0.01556086,0.54667393
2026-08-18,一级行业,801980,美容护理,801980,美容护理,3447.72000000,27.79640000,-0.00758476,0.27174743
2026-08-18,一级行业,801750,计算机,801750,计算机,4610.38000000,1387.99790000,-0.00882737,0.32953784
2026-08-18,一级行业,801140,轻工制造,801140,轻工制造,2091.69000000,151.08430000,-0.00352059,0.20554361
2026-08-18,一级行业,801770,通信,801770,通信,7705.21000000,1918.61960000,-0.01361444,0.79134458
2026-08-18,一级行业,801040,钢铁,801040,钢铁,2202.44000000,69.49850000,0.00059515,0.20367218
2026-08-18,一级行业,801780,银行,801780,银行,3962.19000000,251.25860000,0.00597922,0.20734299
2026-08-18,一级行业,801790,非银金融,801790,非银金融,1724.25000000,328.90260000,-0.01207795,0.17292898
2026-08-18,一级行业,801120,食品饮料,801120,食品饮料,14113.70000000,356.34760000,0.00359307,0.24331446
2026-08-18,二级行业,801170,交通运输,801178,物流,4168.76000000,47.33320000,0.00508721,0.16467413
2026-08-18,二级行业,801170,交通运输,801991,航空机场,2284.37000000,18.01930000,-0.00721003,0.17949194
2026-08-18,二级行业,801170,交通运输,801992,航运港口,3415.80000000,79.24250000,0.01178910,0.21502598
2026-08-18,二级行业,801170,交通运输,801179,铁路公路,1472.96000000,33.83110000,0.00111465,0.15946123
2026-08-18,二级行业,801760,传媒,801769,出版,1413.42000000,33.25450000,-0.00643901,0.27247767
2026-08-18,二级行业,801760,传媒,801765,广告营销,2601.76000000,137.35440000,-0.02303698,0.45940095
2026-08-18,二级行业,801760,传媒,801766,影视院线,1031.64000000,58.76960000,-0.01654909,0.42583023
2026-08-18,二级行业,801760,传媒,801767,数字媒体,1600.02000000,29.30600000,-0.01660080,0.36019897
2026-08-18,二级行业,801760,传媒,801764,游戏Ⅱ,2873.65000000,110.66890000,-0.00822097,0.41839864
2026-08-18,二级行业,801760,传媒,801995,电视广播Ⅱ,981.49000000,19.68290000,-0.01361754,0.24016051
2026-08-18,二级行业,801160,公用事业,801163,燃气Ⅱ,3214.71000000,53.25570000,0.01254855,0.22732035
2026-08-18,二级行业,801160,公用事业,801161,电力,3232.77000000,359.00900000,-0.00485755,0.23136220
2026-08-18,二级行业,801010,农林牧渔,801017,养殖业,2702.87000000,84.62910000,0.02258265,0.26932215
2024-06-17,二级行业,801010,农林牧渔,801019,农业综合Ⅱ,1017.95000000,1.25278231,-0.01778305,0.27895502
2026-08-18,二级行业,801010,农林牧渔,801012,农产品加工,2274.42000000,61.40150000,0.04334543,0.26015440
2026-08-18,二级行业,801010,农林牧渔,801018,动物保健Ⅱ,4602.28000000,9.00850000,0.00623117,0.26019254
2024-06-17,二级行业,801010,农林牧渔,801011,林业Ⅱ,560.05000000,0.83046520,-0.01905663,0.35320758
2026-08-18,二级行业,801010,农林牧渔,801015,渔业,733.37000000,12.31180000,0.03307555,0.29774648
2026-08-18,二级行业,801010,农林牧渔,801016,种植业,2520.79000000,116.84130000,0.09516238,0.43024542
2026-08-18,二级行业,801010,农林牧渔,801014,饲料,3617.85000000,40.97150000,0.03036249,0.23802989
2026-08-18,二级行业,801150,医药生物,801155,中药Ⅱ,5696.18000000,139.81510000,-0.01004350,0.17329526
2026-08-18,二级行业,801150,医药生物,801151,化学制药,12238.25000000,510.25120000,-0.00870825,0.31047881
2026-08-18,二级行业,801150,医药生物,801153,医疗器械,5867.69000000,228.60190000,-0.00063017,0.19706179
2026-08-18,二级行业,801150,医药生物,801156,医疗服务,8882.24000000,361.02600000,-0.00493375,0.46440040
2026-08-18,二级行业,801150,医药生物,801154,医药商业,4740.39000000,70.53200000,-0.00358386,0.19530937
2026-08-18,二级行业,801150,医药生物,801152,生物制品,5731.01000000,154.44680000,-0.01449622,0.33119308
2026-08-18,二级行业,801200,商贸零售,801203,一般零售,2779.29000000,104.96050000,0.01097442,0.22818634
2026-08-18,二级行业,801200,商贸零售,801204,专业连锁Ⅱ,3574.47000000,6.22700000,-0.00450892,0.27328360
2026-08-18,二级行业,801200,商贸零售,801206,互联网电商,9871.13000000,22.60800000,-0.01135856,0.27616820
2024-06-17,二级行业,801200,商贸零售,801207,旅游零售Ⅱ,8063.33000000,7.79581263,-0.00721626,0.26478795
2026-08-18,二级行业,801200,商贸零售,801202,贸易Ⅱ,4190.84000000,8.43220000,-0.00629301,0.25684449
2026-08-18,二级行业,801740,国防军工,801745,军工电子Ⅱ,6260.33000000,226.31780000,0.00313584,0.39392305
2026-08-18,二级行业,801740,国防军工,801743,地面兵装Ⅱ,15250.47000000,30.64970000,-0.01457543,0.36568946
2026-08-18,二级行业,801740,国防军工,801741,航天装备Ⅱ,26656.36000000,52.13060000,-0.00012603,0.55247023
2026-08-18,二级行业,801740,国防军工,801744,航海装备Ⅱ,3125.80000000,47.55540000,-0.00313812,0.23613711
2026-08-18,二级行业,801740,国防军工,801742,航空装备Ⅱ,8410.48000000,123.67990000,-0.01221565,0.22004409
2026-08-18,二级行业,801030,基础化工,801038,农化制品,5197.69000000,186.15820000,0.01260671,0.30850524
2026-08-18,二级行业,801030,基础化工,801034,化学制品,6703.74000000,476.58690000,-0.00294636,0.26450974
2026-08-18,二级行业,801030,基础化工,801033,化学原料,3334.21000000,184.96880000,0.01028401,0.24134363
2026-08-18,二级行业,801030,基础化工,801032,化学纤维,4533.52000000,39.89700000,-0.01189815,0.29367559
2026-08-18,二级行业,801030,基础化工,801036,塑料,5145.62000000,270.75480000,0.00691941,0.52330666
2026-08-18,二级行业,801030,基础化工,801037,橡胶,4915.68000000,40.76060000,0.00322047,0.44737785
2026-08-18,二级行业,801030,基础化工,801039,非金属材料Ⅱ,6606.27000000,54.03590000,-0.01088639,0.76113861
2024-06-17,二级行业,801110,家用电器,801117,其他家电Ⅱ,473.77000000,0.79529547,-0.01320531,0.27218433
2026-08-18,二级行业,801110,家用电器,801114,厨卫电器,7849.50000000,7.06640000,-0.00305326,0.27827022
2026-08-18,二级行业,801110,家用电器,801116,家电零部件Ⅱ,6746.32000000,81.47760000,0.00994629,0.41463886
2026-08-18,二级行业,801110,家用电器,801113,小家电,4253.46000000,30.38670000,0.02914341,0.30198039
2026-08-18,二级行业,801110,家用电器,801115,照明设备Ⅱ,4515.69000000,14.55270000,0.00285821,0.35872296
2026-08-18,二级行业,801110,家用电器,801111,白色家电,19160.10000000,52.72260000,0.00575841,0.20572206
2026-08-18,二级行业,801110,家用电器,801112,黑色家电,1955.78000000,22.37980000,0.00027618,0.26584525
2026-08-18,二级行业,801710,建筑材料,801711,水泥,3949.56000000,16.08220000,-0.00297626,0.23281131
2026-08-18,二级行业,801710,建筑材料,801712,玻璃玻纤,21785.94000000,257.62770000,-0.02259224,0.89598419
2026-08-18,二级行业,801710,建筑材料,801713,装修建材,4482.00000000,35.22910000,0.00675437,0.24224260
2026-08-18,二级行业,801720,建筑装饰,801724,专业工程,1802.99000000,77.97720000,0.00273627,0.27510864
2026-08-18,二级行业,801720,建筑装饰,801723,基础建设,2050.23000000,39.24020000,-0.00742172,0.16081725
2026-08-18,二级行业,801720,建筑装饰,801726,工程咨询服务Ⅱ,2316.99000000,112.92960000,-0.00929564,0.39534177
2026-08-18,二级行业,801720,建筑装饰,801721,房屋建设Ⅱ,2732.80000000,22.60400000,0.00167508,0.15682807
2026-08-18,二级行业,801720,建筑装饰,801722,装修装饰Ⅱ,4390.18000000,78.28520000,0.00909296,0.39565392
2026-08-18,二级行业,801180,房地产,801181,房地产开发,2206.87000000,137.72280000,-0.00323842,0.18516042
2026-08-18,二级行业,801180,房地产,801183,房地产服务,738.24000000,5.35850000,-0.00744844,0.24221678
2026-08-18,二级行业,801050,有色金属,801054,小金属,39477.54000000,467.02690000,-0.00684410,0.55393099
2026-08-18,二级行业,801050,有色金属,801055,工业金属,3422.24000000,420.85500000,-0.00548370,0.43469910
2026-08-18,二级行业,801050,有色金属,801056,能源金属,17230.36000000,146.85100000,-0.02246857,0.52782240
2026-08-18,二级行业,801050,有色金属,801053,贵金属,26832.12000000,136.16000000,0.00904079,0.58792311
2026-08-18,二级行业,801050,有色金属,801051,金属新材料,9834.31000000,96.93710000,-0.00323427,0.50559228
2026-08-18,二级行业,801890,机械设备,801074,专用设备,12338.15000000,466.38690000,-0.00121750,0.44704674
2026-08-18,二级行业,801890,机械设备,801077,工程机械,21761.38000000,57.62460000,0.00486052,0.22419758
2026-08-18,二级行业,801890,机械设备,801078,自动化设备,21625.12000000,525.00450000,0.00670684,0.57233682
2026-08-18,二级行业,801890,机械设备,801076,轨交设备Ⅱ,5799.61000000,39.23400000,0.01272629,0.19010146
2026-08-18,二级行业,801890,机械设备,801072,通用设备,8471.08000000,780.55720000,0.00473005,0.56154180
2026-08-18,二级行业,801880,汽车,801095,乘用车,14114.30000000,46.06670000,-0.00707499,0.23531202
2026-08-18,二级行业,801880,汽车,801096,商用车,6589.85000000,31.32290000,-0.00050355,0.34287575
2026-08-18,二级行业,801880,汽车,801881,摩托车及其他,3446.21000000,25.55150000,0.01031952,0.24908715
2026-08-18,二级行业,801880,汽车,801092,汽车服务,440.02000000,5.55640000,-0.01232296,0.30200071
2026-08-18,二级行业,801880,汽车,801093,汽车零部件,7440.31000000,459.74750000,0.00090266,0.29184051
2026-08-18,二级行业,801950,煤炭,801952,焦炭Ⅱ,1139.05000000,8.94870000,0.00397518,0.29668786
2026-08-18,二级行业,801950,煤炭,801951,煤炭开采,3796.22000000,104.71750000,0.01324942,0.34095125
2026-08-18,二级行业,801970,环保,801972,环保设备Ⅱ,2172.48000000,47.86200000,-0.01683502,0.35794295
2026-08-18,二级行业,801970,环保,801971,环境治理,1881.74000000,118.19930000,-0.00542809,0.21577961
2026-08-18,二级行业,801730,电力设备,801735,光伏设备,5806.50000000,343.40710000,0.01005445,0.31726595
2026-08-18,二级行业,801730,电力设备,801733,其他电源设备Ⅱ,40233.20000000,165.56530000,-0.01704532,0.49889048
2026-08-18,二级行业,801730,电力设备,801731,电机Ⅱ,13221.31000000,87.56520000,0.01797526,0.40230147
2026-08-18,二级行业,801730,电力设备,801737,电池,24022.90000000,582.10280000,-0.01194245,0.33420743
2026-08-18,二级行业,801730,电力设备,801738,电网设备,5681.42000000,424.97920000,-0.00717001,0.35549727
2026-08-18,二级行业,801730,电力设备,801736,风电设备,2235.63000000,83.71340000,-0.00913906,0.31930770
2026-08-18,二级行业,801080,电子,801083,元件,23659.20000000,1289.01770000,-0.01993583,0.86769863
2026-08-18,二级行业,801080,电子,801084,光学光电子,1964.39000000,728.57220000,0.02346095,0.53845917
2026-08-18,二级行业,801080,电子,801082,其他电子Ⅱ,17654.56000000,220.31370000,0.00678391,0.58804182
2026-08-18,二级行业,801080,电子,801081,半导体,10740.96000000,3868.25790000,-0.00185115,0.75265227
2026-08-18,二级行业,801080,电子,801085,消费电子,10603.61000000,770.63070000,-0.00867488,0.50472297
2026-08-18,二级行业,801080,电子,801086,电子化学品Ⅱ,13425.92000000,558.78280000,0.01557102,0.86797498
2026-08-18,二级行业,801960,石油石化,801962,油服工程,2432.50000000,55.26170000,0.03046272,0.44720163
2024-06-17,二级行业,801960,石油石化,801961,油气开采Ⅱ,2108.92000000,10.52840725,-0.00416482,0.27715181
2026-08-18,二级行业,801960,石油石化,801963,炼化及贸易,3065.13000000,87.38320000,0.01755161,0.27230573
2026-08-18,二级行业,801210,社会服务,801218,专业服务,5788.08000000,49.11260000,-0.00468418,0.29324509
2024-06-17,二级行业,801210,社会服务,801216,体育Ⅱ,1577.85000000,1.84919639,0.00196220,0.28753489
2026-08-18,二级行业,801210,社会服务,801994,教育,1787.85000000,32.24520000,0.00817661,0.38388128
2026-08-18,二级行业,801210,社会服务,801993,旅游及景区,1890.77000000,16.31250000,-0.00526626,0.23088885
2026-08-18,二级行业,801210,社会服务,801219,酒店餐饮,1495.57000000,8.50450000,0.00719245,0.31987008
2026-08-18,二级行业,801130,纺织服饰,801132,服装家纺,1508.74000000,48.07140000,-0.00046375,0.26320004
2026-08-18,二级行业,801130,纺织服饰,801131,纺织制造,1750.13000000,39.08060000,-0.00464653,0.23662778
2026-08-18,二级行业,801130,纺织服饰,801133,饰品,1369.73000000,16.63030000,-0.00280289,0.31143866
2026-08-18,二级行业,801230,综合,801231,综合Ⅱ,4507.13000000,49.49280000,-0.01555797,0.54666843
2026-08-18,二级行业,801980,美容护理,801981,个护用品,1240.38000000,5.64350000,0.00138860,0.25230634
2026-08-18,二级行业,801980,美容护理,801982,化妆品,5765.34000000,17.20900000,-0.00900012,0.27156695
2024-06-17,二级行业,801980,美容护理,801983,医疗美容,1777.83000000,4.66977567,-0.00245762,0.24742453
2026-08-18,二级行业,801750,计算机,801103,IT服务Ⅱ,4953.95000000,580.21500000,-0.01128235,0.37827600
2026-08-18,二级行业,801750,计算机,801101,计算机设备,2982.41000000,312.49610000,-0.00095804,0.32919798
2026-08-18,二级行业,801750,计算机,801104,软件开发,5904.42000000,495.28680000,-0.01231177,0.35004549
2026-08-18,二级行业,801140,轻工制造,801141,包装印刷,2721.43000000,39.50100000,-0.01121967,0.27362199
2026-08-18,二级行业,801140,轻工制造,801142,家居用品,1620.37000000,68.05990000,0.00145239,0.20969856
2026-08-18,二级行业,801140,轻工制造,801145,文娱用品,1679.71000000,12.57450000,-0.00534129,0.30731584
2026-08-18,二级行业,801140,轻工制造,801143,造纸,2089.56000000,30.94890000,0.00005265,0.16407005
2026-08-18,二级行业,801770,通信,801223,通信服务,2206.32000000,153.88380000,-0.01560262,0.19369104
2026-08-18,二级行业,801770,通信,801102,通信设备,10343.60000000,1764.73590000,-0.01332878,0.89498098
2026-08-18,二级行业,801040,钢铁,801043,冶钢原料,3210.48000000,16.55320000,-0.00523336,0.24732846
2026-08-18,二级行业,801040,钢铁,801044,普钢,2051.71000000,31.58060000,-0.00254261,0.19582880
2026-08-18,二级行业,801040,钢铁,801045,特钢Ⅱ,3877.48000000,21.36460000,0.01229643,0.24161206
2026-08-18,二级行业,801780,银行,801785,农商行Ⅱ,763.17000000,12.99610000,-0.00003931,0.21160069
2026-08-18,二级行业,801780,银行,801782,国有大型银行Ⅱ,1944.22000000,108.34190000,0.01607028,0.26535404
2026-08-18,二级行业,801780,银行,801784,城商行Ⅱ,1050.37000000,62.18960000,0.00612081,0.17013990
2026-08-18,二级行业,801780,银行,801783,股份制银行Ⅱ,4094.22000000,67.73100000,-0.00082975,0.21029211
2026-08-18,二级行业,801790,非银金融,801194,保险Ⅱ,1137.05000000,58.38140000,-0.00914993,0.27402664
2026-08-18,二级行业,801790,非银金融,801191,多元金融,1138.42000000,36.10370000,-0.00849177,0.21817850
2026-08-18,二级行业,801790,非银金融,801193,证券Ⅱ,6112.28000000,234.41750000,-0.01370774,0.17501528
2026-08-18,二级行业,801120,食品饮料,801128,休闲食品,1697.81000000,31.06940000,0.01746911,0.29933608
2026-08-18,二级行业,801120,食品饮料,801125,白酒Ⅱ,36565.66000000,111.87190000,0.00376766,0.32086930
2026-08-18,二级行业,801120,食品饮料,801129,调味发酵品Ⅱ,7050.26000000,68.70220000,0.00243276,0.19485216
2026-08-18,二级行业,801120,食品饮料,801126,非白酒,3436.86000000,19.99820000,-0.00036357,0.21006778
2026-08-18,二级行业,801120,食品饮料,801124,食品加工,12926.66000000,46.41540000,0.00913294,0.16268733
2026-08-18,二级行业,801120,食品饮料,801127,饮料乳品,7019.21000000,78.29060000,-0.00028770,0.21949216
