date,rank,stock_code,stock_name,close,return,amount_100m,sw_level1,sw_level2
2026-07-29,1,688825,长鑫科技,52.95,0.126596,448.1398,电子,半导体
2026-07-29,2,300308,中际旭创,951.0,0.047357,435.1002,通信,通信设备
2026-07-29,3,603986,兆易创新,364.03,-0.068095,324.39,电子,半导体
2026-07-29,4,300502,新易盛,421.2,0.035144,269.1458,通信,通信设备
2026-07-29,5,002384,东山精密,179.78,-0.057312,226.5158,电子,元件
2026-07-29,6,688256,寒武纪,1146.9,0.016755,159.9205,电子,半导体
2026-07-29,7,300750,宁德时代,396.84,0.0153,159.2625,电力设备,电池
2026-07-29,8,688012,中微公司,360.0,-0.060052,135.5436,电子,半导体
2026-07-29,9,000938,紫光股份,37.33,-0.100048,132.7318,计算机,IT服务Ⅱ
2026-07-29,10,688008,澜起科技,207.5,0.008996,128.8093,电子,半导体
2026-07-29,11,002156,通富微电,62.1,-0.1,124.8517,电子,半导体
2026-07-29,12,600584,长电科技,71.68,-0.067031,120.7099,电子,半导体
2026-07-29,13,002371,北方华创,706.39,-0.012042,109.2979,电子,半导体
2026-07-29,14,300408,三环集团,108.89,0.079937,100.7941,电子,元件
2026-07-30,1,300308,中际旭创,864.0,-0.0915,597.7268,通信,通信设备
2026-07-30,2,688825,C长鑫,52.87,-0.0015,447.0553,未匹配,未匹配
2026-07-30,3,300502,新易盛,371.1,-0.1189,361.3073,通信,通信设备
2026-07-30,4,603986,兆易创新,371.1,0.0194,354.8379,电子,半导体
2026-07-30,5,688256,寒武纪,1042.43,-0.0911,199.1793,电子,半导体
2026-07-30,6,300750,宁德时代,401.88,0.0127,181.0346,电力设备,电池
2026-07-30,7,002384,东山精密,161.8,-0.1,174.8707,电子,元件
2026-07-30,8,000636,风华高科,50.5,0.0629,131.5727,电子,元件
2026-07-30,9,000725,京东方Ａ,5.36,-0.0613,119.9021,电子,光学光电子
2026-07-30,10,688012,中微公司,346.5,-0.0375,119.0385,电子,半导体
2026-07-30,11,688008,澜起科技,196.78,-0.0517,118.3032,电子,半导体
2026-07-30,12,300408,三环集团,105.3,-0.033,117.6933,电子,元件
2026-07-30,13,301526,国际复材,32.93,0.0904,115.179,建筑材料,玻璃玻纤
2026-07-30,14,001309,德明利,390.04,0.1,113.6575,电子,半导体
2026-07-30,15,688525,佰维存储,219.84,0.0376,113.567,电子,半导体
2026-07-30,16,300285,国瓷材料,61.28,0.0365,111.6261,电子,电子化学品Ⅱ
2026-07-30,17,002371,北方华创,668.07,-0.0542,111.1429,电子,半导体
2026-07-30,18,688498,源杰科技,1016.8,-0.172,110.3976,电子,半导体
2026-07-30,19,600176,中国巨石,36.63,-0.0458,109.4489,建筑材料,玻璃玻纤
2026-07-30,20,600584,长电科技,64.51,-0.1,106.4738,电子,半导体
2026-07-31,1,300308,中际旭创,902.01,0.044,540.4435,通信,通信设备
2026-07-31,2,688825,C长鑫,53.97,0.0208,503.3716,未匹配,未匹配
2026-07-31,3,603986,兆易创新,378.6,0.0202,340.4347,电子,半导体
2026-07-31,4,300502,新易盛,396.01,0.0671,311.8061,通信,通信设备
2026-07-31,5,002384,东山精密,171.48,0.0598,214.6849,电子,元件
2026-07-31,6,688256,寒武纪,1106.0,0.061,185.5228,电子,半导体
2026-07-31,7,001309,德明利,385.9,-0.0106,173.548,电子,半导体
2026-07-31,8,600176,中国巨石,37.84,0.033,158.0348,建筑材料,玻璃玻纤
2026-07-31,9,300750,宁德时代,395.3,-0.0164,156.0298,电力设备,电池
2026-07-31,10,000938,紫光股份,34.89,0.0384,141.6713,计算机,IT服务Ⅱ
2026-07-31,11,688008,澜起科技,204.9,0.0413,141.3818,电子,半导体
2026-07-31,12,000636,风华高科,49.35,-0.0228,135.8204,电子,元件
2026-07-31,13,688525,佰维存储,225.99,0.028,132.4936,电子,半导体
2026-07-31,14,300408,三环集团,111.68,0.0606,123.3128,电子,元件
2026-07-31,15,300285,国瓷材料,62.04,0.0124,122.5061,电子,电子化学品Ⅱ
2026-07-31,16,688012,中微公司,344.0,-0.0072,119.4435,电子,半导体
2026-07-31,17,000725,京东方Ａ,5.51,0.028,115.9725,电子,光学光电子
2026-07-31,18,301308,江波龙,346.99,0.0242,114.5021,电子,半导体
2026-07-31,19,688766,普冉股份,354.9,0.005,111.5527,电子,半导体
2026-07-31,20,301526,国际复材,31.99,-0.0285,111.1604,建筑材料,玻璃玻纤
2026-07-31,21,600584,长电科技,65.71,0.0186,109.0061,电子,半导体
2026-07-31,22,600487,亨通光电,47.61,0.0087,107.6669,通信,通信设备
2026-07-31,23,002156,通富微电,56.73,0.015,107.478,电子,半导体
2026-07-31,24,002475,立讯精密,57.48,-0.0149,106.9292,电子,消费电子
2026-07-31,25,300223,北京君正,126.81,0.0255,101.1966,电子,半导体
2026-07-31,26,688981,中芯国际,123.99,0.0081,100.6099,电子,半导体
2026-08-03,1,688825,C长鑫,54.99,0.0189,299.8899,未匹配,未匹配
2026-08-03,2,300308,中际旭创,902.5,0.0005,291.4395,通信,通信设备
2026-08-03,3,603986,兆易创新,340.74,-0.1,230.3272,电子,半导体
2026-08-03,4,300502,新易盛,394.08,-0.0049,158.8473,通信,通信设备
2026-08-03,5,688256,寒武纪,1028.0,-0.0705,145.9993,电子,半导体
2026-08-03,6,002384,东山精密,162.81,-0.0506,133.9268,电子,元件
2026-08-03,7,300058,蓝色光标,14.72,0.0258,120.1533,传媒,广告营销
2026-08-03,8,688012,中微公司,309.85,-0.0993,113.1525,电子,半导体
2026-08-03,9,600176,中国巨石,34.06,-0.0999,107.3362,建筑材料,玻璃玻纤
2026-08-03,10,002475,立讯精密,53.71,-0.0656,100.6883,电子,消费电子
2026-08-03,11,300394,天孚通信,180.5,0.0555,100.2933,通信,通信设备
2026-08-04,1,300308,中际旭创,1021.99,0.1324,497.8958,通信,通信设备
2026-08-04,2,300502,新易盛,448.0,0.1368,299.1388,通信,通信设备
2026-08-04,3,688825,C长鑫,55.0,0.0002,277.6326,电子,半导体
2026-08-04,4,603986,兆易创新,356.02,0.0448,221.6588,电子,半导体
2026-08-04,5,688256,寒武纪,1078.21,0.0488,186.0302,电子,半导体
2026-08-04,6,300394,天孚通信,212.0,0.1745,158.7288,通信,通信设备
2026-08-04,7,002384,东山精密,179.09,0.1,153.2903,电子,元件
2026-08-04,8,300058,蓝色光标,15.72,0.0679,119.2441,传媒,广告营销
2026-08-04,9,600487,亨通光电,50.27,0.0612,111.7725,通信,通信设备
2026-08-04,10,603259,药明康德,141.35,0.1,105.0273,医药生物,医疗服务
2026-08-04,11,000636,风华高科,54.33,0.0456,104.2295,电子,元件
2026-08-04,12,300750,宁德时代,395.1,0.0018,103.5181,电力设备,电池
2026-08-04,13,600176,中国巨石,36.19,0.0625,103.0251,建筑材料,玻璃玻纤
2026-08-05,1,300308,中际旭创,947.74,-0.07265,675.10515545,通信,通信设备
2026-08-05,2,300502,新易盛,424.3,-0.0529,364.00926252,通信,通信设备
2026-08-05,3,688825,长鑫科技,54.3,-0.01273,313.79390275,电子,半导体
2026-08-05,4,603986,兆易创新,385.44,0.08264,261.79493914,电子,半导体
2026-08-05,5,002384,东山精密,188.83,0.05439,244.40703484,电子,元件
2026-08-05,6,688256,寒武纪,1136.9,0.05443,205.57102477,电子,半导体
2026-08-05,7,603259,药明康德,147.5,0.04351,197.40160899,医药生物,医疗服务
2026-08-05,8,601138,工业富联,65.92,0.09995,185.53114802,电子,消费电子
2026-08-05,9,600487,亨通光电,54.41,0.08236,182.23584577,通信,通信设备
2026-08-05,10,300394,天孚通信,216.85,0.02288,177.69307345,通信,通信设备
2026-08-05,11,300476,胜宏科技,236.35,0.17121,163.87473364,电子,元件
2026-08-05,12,000938,紫光股份,36.94,0.07634,159.17765833,计算机,IT服务Ⅱ
2026-08-05,13,000725,京东方Ａ,5.97,0.06039,146.55953763,电子,光学光电子
2026-08-05,14,601899,紫金矿业,34.1,0.06164,144.44803367,有色金属,贵金属
2026-08-05,15,688012,中微公司,358.0,0.12671,132.18245229,电子,半导体
2026-08-05,16,000636,风华高科,57.8,0.06387,127.58604779,电子,元件
2026-08-05,17,002475,立讯精密,55.87,0.00703,122.23426528,电子,消费电子
2026-08-05,18,688008,澜起科技,212.0,0.04305,121.69190898,电子,半导体
2026-08-05,19,300750,宁德时代,405.2,0.02556,121.24213246,电力设备,电池
2026-08-05,20,600176,中国巨石,39.28,0.08538,120.82350155,建筑材料,玻璃玻纤
2026-08-05,21,600584,长电科技,68.97,0.05443,120.08296116,电子,半导体
2026-08-05,22,300285,国瓷材料,67.27,0.11781,119.28904717,电子,电子化学品Ⅱ
2026-08-05,23,600522,中天科技,32.0,0.0688,112.33725553,通信,通信设备
2026-08-05,24,300058,蓝色光标,15.73,0.00064,110.61765636,传媒,广告营销
2026-08-05,25,002281,光迅科技,171.55,-0.00447,110.51122652,通信,通信设备
2026-08-05,26,688498,源杰科技,1298.0,-0.01293,108.22281088,电子,半导体
2026-08-05,27,600183,生益科技,122.79,0.09409,105.76713124,电子,元件
2026-08-05,28,001309,德明利,386.24,0.06057,103.9493486,电子,半导体
2026-08-05,29,000988,华工科技,100.43,-0.00219,103.45950821,电子,其他电子Ⅱ
2026-08-05,30,300408,三环集团,128.19,0.0596,100.03928991,电子,元件
2026-08-06,1,300308,中际旭创,955.0,0.00766,397.67147899,通信,通信设备
2026-08-06,2,688825,长鑫科技,51.96,-0.04309,291.51895973,电子,半导体
2026-08-06,3,603986,兆易创新,385.0,-0.00114,233.96310414,电子,半导体
2026-08-06,4,300502,新易盛,421.87,-0.00573,215.52830074,通信,通信设备
2026-08-06,5,300476,胜宏科技,250.15,0.05839,180.122501,电子,元件
2026-08-06,6,300750,宁德时代,388.0,-0.04245,177.50194541,电力设备,电池
2026-08-06,7,600584,长电科技,75.87,0.10004,172.59959743,电子,半导体
2026-08-06,8,601138,工业富联,68.27,0.03565,167.18421116,电子,消费电子
2026-08-06,9,002384,东山精密,187.68,-0.00609,160.95175805,电子,元件
2026-08-06,10,600487,亨通光电,56.15,0.03198,160.26986041,通信,通信设备
2026-08-06,11,300394,天孚通信,225.28,0.03887,147.10774339,通信,通信设备
2026-08-06,12,000938,紫光股份,37.94,0.02707,146.68206633,计算机,IT服务Ⅱ
2026-08-06,13,688256,寒武纪,1168.15,0.02749,143.0386841,电子,半导体
2026-08-06,14,601899,紫金矿业,34.5,0.01173,140.63625579,有色金属,贵金属
2026-08-06,15,600176,中国巨石,40.78,0.03819,133.76976141,建筑材料,玻璃玻纤
2026-08-06,16,300285,国瓷材料,69.53,0.0336,124.89987429,电子,电子化学品Ⅱ
2026-08-06,17,000636,风华高科,58.28,0.0083,122.28600135,电子,元件
2026-08-06,18,603259,药明康德,142.7,-0.03254,111.97821427,医药生物,医疗服务
2026-08-06,19,000725,京东方Ａ,5.96,-0.00168,110.84502,电子,光学光电子
2026-08-06,20,688012,中微公司,361.59,0.01003,106.10439299,电子,半导体
2026-08-06,21,000657,中钨高新,62.5,0.08828,105.22454712,有色金属,小金属
2026-08-07,1,300308,中际旭创,919.87,-0.036785,546.7064,通信,通信设备
2026-08-07,2,603986,兆易创新,417.05,0.083247,305.2129,电子,半导体
2026-08-07,3,688825,长鑫科技,52.48,0.010008,267.0171,电子,半导体
2026-08-07,4,300502,新易盛,420.95,-0.002181,257.935,通信,通信设备
2026-08-07,5,002384,东山精密,195.27,0.040441,200.9889,电子,元件
2026-08-07,6,300476,胜宏科技,280.2,0.120128,197.5066,电子,元件
2026-08-07,7,688256,寒武纪,1199.93,0.027205,187.5291,电子,半导体
2026-08-07,8,600584,长电科技,77.75,0.024779,174.8305,电子,半导体
2026-08-07,9,600487,亨通光电,59.52,0.060018,165.0537,通信,通信设备
2026-08-07,10,600176,中国巨石,44.38,0.088279,154.7138,建筑材料,玻璃玻纤
2026-08-07,11,300394,天孚通信,230.68,0.02397,140.7034,通信,通信设备
2026-08-07,12,603259,药明康德,154.82,0.084933,139.556,医药生物,医疗服务
2026-08-07,13,002281,光迅科技,193.04,0.100006,132.8907,通信,通信设备
2026-08-07,14,000725,京东方A,6.07,0.018456,128.0842,电子,光学光电子
2026-08-07,15,300285,国瓷材料,70.88,0.019416,123.9685,电子,电子化学品Ⅱ
2026-08-07,16,000636,风华高科,58.29,0.000172,118.6107,电子,元件
2026-08-07,17,002428,云南锗业,100.08,0.100022,117.4085,有色金属,小金属
2026-08-07,18,000938,紫光股份,38.0,0.001581,115.2817,计算机,IT服务Ⅱ
2026-08-07,19,600522,中天科技,33.67,0.042738,114.0302,通信,通信设备
2026-08-07,20,300274,阳光电源,114.16,0.069916,112.8661,电力设备,光伏设备
2026-08-07,21,301526,国际复材,38.32,0.088636,112.093,建筑材料,玻璃玻纤
2026-08-07,22,688008,澜起科技,215.52,0.034364,111.4721,电子,半导体
2026-08-07,23,601138,工业富联,68.18,-0.001318,110.1424,电子,消费电子
2026-08-07,24,002407,多氟多,36.54,0.012469,108.7756,基础化工,化学制品
2026-08-07,25,600183,生益科技,139.98,0.100039,107.2935,电子,元件
2026-08-07,26,688525,佰维存储,244.88,0.051258,106.9323,电子,半导体
2026-08-07,27,300408,三环集团,127.39,0.003071,105.7126,电子,元件
2026-08-07,28,300058,蓝色光标,15.88,0.035202,102.9903,传媒,广告营销
2026-08-07,29,002156,通富微电,64.72,0.06168,102.1872,电子,半导体
2026-08-07,30,001309,德明利,404.16,0.040979,100.3855,电子,半导体
2026-08-10,1,300308,中际旭创,864.58,-0.06011,457.64386519,通信,通信设备
2026-08-10,2,300502,新易盛,399.6,-0.05072,266.90707345,通信,通信设备
2026-08-10,3,688825,长鑫科技,51.3,-0.02248,256.74383815,电子,半导体
2026-08-10,4,603986,兆易创新,403.03,-0.03362,255.97872113,电子,半导体
2026-08-10,5,688256,寒武纪,1124.0,-0.06328,237.51647076,电子,半导体
2026-08-10,6,603259,药明康德,161.34,0.04211,204.24750304,医药生物,医疗服务
2026-08-10,7,002384,东山精密,185.94,-0.04778,190.40061414,电子,元件
2026-08-10,8,300476,胜宏科技,286.0,0.0207,169.852163,电子,元件
2026-08-10,9,600487,亨通光电,59.62,0.00168,153.769127,通信,通信设备
2026-08-10,10,002281,光迅科技,178.3,-0.07636,141.96466171,通信,通信设备
2026-08-10,11,002428,云南锗业,102.58,0.02498,137.91123222,未匹配,未匹配
2026-08-10,12,600176,中国巨石,43.28,-0.02479,131.18010162,建筑材料,玻璃玻纤
2026-08-10,13,600183,生益科技,138.57,-0.01007,130.37738736,电子,元件
2026-08-10,14,000636,风华高科,61.7,0.0585,125.72541667,电子,元件
2026-08-10,15,300285,国瓷材料,76.11,0.07379,124.19478282,电子,电子化学品Ⅱ
2026-08-10,16,301308,江波龙,412.5,0.06699,118.51094578,电子,半导体
2026-08-10,17,601138,工业富联,69.18,0.01467,113.93974962,电子,消费电子
2026-08-10,18,600584,长电科技,78.52,0.0099,111.27773471,电子,半导体
2026-08-10,19,000657,中钨高新,72.8,0.08641,110.27811131,有色金属,小金属
2026-08-10,20,688012,中微公司,389.99,0.06076,109.26425501,电子,半导体
2026-08-10,21,000725,京东方Ａ,5.89,-0.02965,104.74636754,电子,光学光电子
2026-08-10,22,300394,天孚通信,223.03,-0.03316,104.37271281,通信,通信设备
2026-08-10,23,603228,景旺电子,96.0,0.01106,100.21567775,未匹配,未匹配
2026-08-11,1,300308,中际旭创,886.96,0.02589,299.58629186,通信,通信设备
2026-08-11,2,300502,新易盛,415.3,0.03929,199.77399893,通信,通信设备
2026-08-11,3,603986,兆易创新,402.29,-0.00184,177.21401026,电子,半导体
2026-08-11,4,002384,东山精密,193.87,0.04265,175.891744,电子,元件
2026-08-11,5,000636,风华高科,65.85,0.06726,172.93417463,电子,元件
2026-08-11,6,300285,国瓷材料,72.88,-0.04244,155.19228394,电子,电子化学品Ⅱ
2026-08-11,7,601899,紫金矿业,33.18,-0.06403,152.98737728,有色金属,工业金属
2026-08-11,8,603259,药明康德,160.21,-0.007,149.39163904,医药生物,医疗服务
2026-08-11,9,688256,寒武纪,1090.64,-0.02968,147.51222439,电子,半导体
2026-08-11,10,688825,长鑫科技,50.4,-0.01754,143.98885241,电子,半导体
2026-08-11,11,301308,江波龙,417.5,0.01212,123.26403436,电子,半导体
2026-08-11,12,300408,三环集团,130.05,0.02482,119.11361737,电子,元件
2026-08-11,13,300476,胜宏科技,274.53,-0.0401,118.1911738,电子,元件
2026-08-11,14,688012,中微公司,363.1,-0.06895,114.12088549,电子,半导体
2026-08-11,15,600487,亨通光电,57.62,-0.03355,110.52134546,通信,通信设备
2026-08-11,16,600176,中国巨石,42.69,-0.01363,107.55287108,建筑材料,玻璃玻纤
2026-08-11,17,600584,长电科技,77.67,-0.01083,102.83784796,电子,半导体
2026-08-11,18,300274,阳光电源,120.07,0.05593,100.94967286,电力设备,光伏设备
2026-08-12,1,300308,中际旭创,921.0,0.03838,284.08443493,通信,通信设备
2026-08-12,2,688825,长鑫科技,53.52,0.0619,271.55743878,电子,半导体
2026-08-12,3,300502,新易盛,428.2,0.03106,187.51553809,通信,通信设备
2026-08-12,4,603986,兆易创新,413.17,0.02705,187.48833166,电子,半导体
2026-08-12,5,002384,东山精密,200.19,0.0326,157.04600958,电子,元件
2026-08-12,6,300394,天孚通信,240.05,0.07892,127.1855201,通信,通信设备
2026-08-12,7,000636,风华高科,66.51,0.01002,117.75791777,电子,元件
2026-08-12,8,688256,寒武纪,1105.38,0.01352,114.60557563,电子,半导体
2026-08-12,9,002428,云南锗业,105.98,0.05684,112.04588955,有色金属,小金属
2026-08-12,10,300476,胜宏科技,279.39,0.0177,110.38953803,电子,元件
2026-08-12,11,600667,太极实业,22.71,0.07123,110.07104934,建筑装饰,工程咨询服务Ⅱ
2026-08-12,12,600183,生益科技,143.23,0.05861,107.43291329,电子,元件
2026-08-12,13,603259,药明康德,159.04,-0.0073,106.94051631,医药生物,医疗服务
2026-08-12,14,600487,亨通光电,59.3,0.02916,103.51502294,通信,通信设备
2026-08-13,1,300308,中际旭创,921.04,4e-05,277.4504153,通信,通信设备
2026-08-13,2,688825,长鑫科技,52.88,-0.01196,253.86081354,电子,半导体
2026-08-13,3,603986,兆易创新,404.5,-0.02098,229.01029235,电子,半导体
2026-08-13,4,300502,新易盛,429.9,0.00397,194.4749838,通信,通信设备
2026-08-13,5,002384,东山精密,202.11,0.00959,172.77657206,电子,元件
2026-08-13,6,300394,天孚通信,257.16,0.07128,168.58879504,通信,通信设备
2026-08-13,7,000938,紫光股份,39.6,0.07027,164.60897925,计算机,IT服务Ⅱ
2026-08-13,8,688256,寒武纪,1105.5,0.00011,148.34774792,电子,半导体
2026-08-13,9,300476,胜宏科技,271.3,-0.02896,145.53510911,电子,元件
2026-08-13,10,000636,风华高科,62.02,-0.06751,133.38015459,电子,元件
2026-08-13,11,600487,亨通光电,57.25,-0.03457,128.46078955,通信,通信设备
2026-08-13,12,600183,生益科技,141.74,-0.0104,121.0009406,电子,元件
2026-08-13,13,603259,药明康德,162.33,0.02069,120.28294271,医药生物,医疗服务
2026-08-13,14,600667,太极实业,23.78,0.04712,120.16583505,建筑装饰,工程咨询服务Ⅱ
2026-08-13,15,600584,长电科技,77.82,-0.0046,119.80625234,电子,半导体
2026-08-13,16,000977,浪潮信息,79.46,0.05918,119.47134569,计算机,计算机设备
2026-08-13,17,300058,蓝色光标,15.25,-0.04028,117.45414275,传媒,广告营销
2026-08-13,18,601899,紫金矿业,32.21,-0.0408,108.56874191,有色金属,工业金属
2026-08-13,19,300285,国瓷材料,70.66,-0.04514,108.0205729,电子,电子化学品Ⅱ
2026-08-13,20,002428,云南锗业,100.21,-0.05444,104.85962471,有色金属,小金属
2026-08-13,21,688008,澜起科技,210.22,-0.02418,104.6957996,电子,半导体
2026-08-13,22,600176,中国巨石,41.9,-0.03256,104.19079143,建筑材料,玻璃玻纤
2026-08-13,23,300408,三环集团,128.4,0.00336,100.66938477,电子,元件
2026-08-14,1,688825,长鑫科技,55.18,0.04349,198.6192021,电子,半导体
2026-08-14,2,603986,兆易创新,417.48,0.03209,196.98931498,电子,半导体
2026-08-14,3,600487,亨通光电,62.98,0.10009,191.96727611,通信,通信设备
2026-08-14,4,300308,中际旭创,943.0,0.02384,186.90993448,通信,通信设备
2026-08-14,5,300502,新易盛,448.08,0.04229,171.5153456,通信,通信设备
2026-08-14,6,300394,天孚通信,267.71,0.04103,137.34994212,通信,通信设备
2026-08-14,7,600522,中天科技,35.55,0.08055,132.80188653,通信,通信设备
2026-08-14,8,000938,紫光股份,39.95,0.00884,130.42122141,计算机,IT服务Ⅱ
2026-08-14,9,600176,中国巨石,44.39,0.05943,121.73014901,建筑材料,玻璃玻纤
2026-08-14,10,002384,东山精密,205.19,0.01524,114.1956809,电子,元件
2026-08-14,11,688256,寒武纪,1093.0,-0.01131,110.77385737,电子,半导体
2026-08-14,12,688981,中芯国际,132.87,0.0265,102.85931185,电子,半导体
2026-08-17,1,300308,中际旭创,1001.03,0.06154,352.74048365,通信,通信设备
2026-08-17,2,688825,长鑫科技,61.8,0.11997,335.18442992,电子,半导体
2026-08-17,3,300502,新易盛,466.68,0.04151,265.67747642,通信,通信设备
2026-08-17,4,603986,兆易创新,444.0,0.06352000000000001,257.09784052,电子,半导体
2026-08-17,5,600487,亨通光电,65.06,0.03303,192.4271401,通信,通信设备
2026-08-17,6,300394,天孚通信,286.56,0.07041,178.99142474,通信,通信设备
2026-08-17,7,688256,寒武纪,1156.0,0.057640000000000004,158.38555864,电子,半导体
2026-08-17,8,600584,长电科技,85.85,0.09071,158.27066973,电子,半导体
2026-08-17,9,002384,东山精密,217.66,0.06077,156.18339967,电子,元件
2026-08-17,10,000725,京东方Ａ,6.08,0.046470000000000004,130.48564708,电子,光学光电子
2026-08-17,11,600522,中天科技,35.9,0.00985,126.95870163,通信,通信设备
2026-08-17,12,600176,中国巨石,46.32,0.04348,126.63106203,建筑材料,玻璃玻纤
2026-08-17,13,002428,云南锗业,109.65,0.07934000000000001,117.6052204,有色金属,小金属
2026-08-17,14,603259,药明康德,166.89,0.04804,113.65474114,医药生物,医疗服务
2026-08-17,15,688008,澜起科技,224.37,0.0588,112.98363669,电子,半导体
2026-08-17,16,300476,胜宏科技,276.0,0.02477,112.71449609,电子,元件
2026-08-17,17,000938,紫光股份,41.03,0.02703,109.73974624,计算机,IT服务Ⅱ
2026-08-17,18,600183,生益科技,144.49,0.00894,109.71906097,电子,元件
2026-08-17,19,601138,工业富联,68.23,0.03082,109.32733891,电子,消费电子
2026-08-17,20,603629,利通电子,142.84,0.03884,106.07242653,电子,消费电子
2026-08-17,21,600519,贵州茅台,1293.09,-0.03644,101.14852172,食品饮料,白酒Ⅱ
2026-08-18,1,603986,兆易创新,436.74,-0.01635,267.9487215,电子,半导体
2026-08-18,2,688825,长鑫科技,59.19,-0.04223,254.60048436,电子,半导体
2026-08-18,3,300308,中际旭创,988.1,-0.012920000000000001,218.30696238,通信,通信设备
2026-08-18,4,000725,京东方Ａ,6.47,0.06414,204.84397392,电子,光学光电子
2026-08-18,5,300502,新易盛,452.21,-0.03101,176.84710915,通信,通信设备
2026-08-18,6,600487,亨通光电,65.41,0.00538,170.95703551,通信,通信设备
2026-08-18,7,300394,天孚通信,291.44,0.01703,157.15979196,通信,通信设备
2026-08-18,8,002156,通富微电,70.66,0.02021,130.38866912,电子,半导体
2026-08-18,9,600584,长电科技,85.42,-0.00501,129.23176753,电子,半导体
2026-08-18,10,688256,寒武纪,1162.5,0.005620000000000001,125.69910354,电子,半导体
2026-08-18,11,002384,东山精密,213.82,-0.01764,117.31662516,电子,元件
2026-08-18,12,600176,中国巨石,44.91,-0.030440000000000002,108.86659781,建筑材料,玻璃玻纤
2026-08-18,13,000938,紫光股份,39.25,-0.04338,108.3952584,计算机,IT服务Ⅱ
2026-08-18,14,002428,云南锗业,108.3,-0.012310000000000001,104.90663369,有色金属,小金属
2026-08-18,15,600183,生益科技,139.41,-0.03516,103.41890687,电子,元件
2026-08-18,16,600522,中天科技,35.29,-0.01699,100.77793407,通信,通信设备
2026-08-19,1,300308,中际旭创,895.6,-0.09361000000000001,328.8241198,通信,通信设备
2026-08-19,2,603986,兆易创新,403.71,-0.07563,269.1898304,电子,半导体
2026-08-19,3,688825,长鑫科技,57.55,-0.02771,262.68310255,电子,半导体
2026-08-19,4,300502,新易盛,411.5,-0.09002,228.98868703,通信,通信设备
2026-08-19,5,300394,天孚通信,277.4,-0.048170000000000004,175.60184987,通信,通信设备
2026-08-19,6,688256,寒武纪,1050.49,-0.09634999999999999,170.03021919,电子,半导体
2026-08-19,7,000725,京东方Ａ,6.01,-0.0711,163.14023172,电子,光学光电子
2026-08-19,8,002384,东山精密,197.1,-0.0782,147.50599926,电子,元件
2026-08-19,9,600487,亨通光电,58.91,-0.09937,140.2320958,通信,通信设备
2026-08-19,10,600584,长电科技,77.74,-0.08990999999999999,126.92138756,电子,半导体
2026-08-19,11,600176,中国巨石,40.56,-0.09686,114.35019089,建筑材料,玻璃玻纤
2026-08-19,12,002428,云南锗业,104.7,-0.03324,109.97893427,有色金属,小金属
2026-08-19,13,600206,有研新材,58.87,0.01992,106.45160626,电子,半导体
2026-08-19,14,688008,澜起科技,200.0,-0.08256999999999999,104.01047973,电子,半导体
2026-08-19,15,600183,生益科技,125.47,-0.09999000000000001,101.33149458,电子,元件
2026-08-20,1,300308,中际旭创,904.2,0.0096,203.38306136,通信,通信设备
2026-08-20,2,688825,长鑫科技,57.57,0.00035000000000000005,169.65735081,电子,半导体
2026-08-20,3,688256,寒武纪,1010.88,-0.03771,151.91095235,电子,半导体
2026-08-20,4,603986,兆易创新,403.5,-0.00052,146.29180703,电子,半导体
2026-08-20,5,603259,药明康德,167.9,0.023780000000000003,145.89305368,医药生物,医疗服务
2026-08-20,6,300394,天孚通信,276.25,-0.00415,141.95536272,通信,通信设备
2026-08-20,7,601899,紫金矿业,34.25,0.04548,141.78910927,有色金属,工业金属
2026-08-20,8,600276,恒瑞医药,49.5,-0.06001,119.2991845,医药生物,化学制药
2026-08-20,9,600487,亨通光电,62.02,0.05279,118.43644349,通信,通信设备
2026-08-20,10,300502,新易盛,414.02,0.00612,117.42942472,通信,通信设备
2026-08-20,11,002384,东山精密,197.67,0.0028899999999999998,103.35940236,电子,元件
2026-08-20,12,000636,风华高科,53.09,-0.05382,101.68881694,电子,元件
2026-08-21,1,300308,中际旭创,943.0,0.042910000000000004,266.86400633,通信,通信设备
2026-08-21,2,300502,新易盛,442.0,0.06758,207.92810916,通信,通信设备
2026-08-21,3,688825,长鑫科技,58.0,0.00747,161.07953634,电子,半导体
2026-08-21,4,300394,天孚通信,273.08,-0.011479999999999999,140.55654906,通信,通信设备
2026-08-21,5,603986,兆易创新,409.06,0.013779999999999999,138.68009484,电子,半导体
2026-08-21,6,688256,寒武纪,1035.0,0.023860000000000003,124.46848997,电子,半导体
2026-08-21,7,002384,东山精密,201.08,0.01725,104.01811549,电子,元件
2026-08-21,8,601899,XD紫金矿,34.74,0.0269,103.38560003,有色金属,工业金属
2026-08-21,9,600487,亨通光电,62.18,0.0025800000000000003,102.63631641,通信,通信设备
2026-08-24,1,300308,中际旭创,870.22,-0.0771792153,344.916704,通信,通信设备
2026-08-24,2,300502,新易盛,412.0,-0.0678733032,205.746035,通信,通信设备
2026-08-24,3,603986,兆易创新,381.66,-0.0669828387,173.622665,电子,半导体
2026-08-24,4,688256,寒武纪,969.05,-0.0637198068,168.865543,电子,半导体
2026-08-24,5,688825,长鑫科技,56.6,-0.024137931,166.980396,电子,半导体
2026-08-24,6,300394,天孚通信,249.5,-0.0863483228,163.452207,通信,通信设备
2026-08-24,7,002384,东山精密,193.6,-0.0371991247,152.194905,电子,元件
2026-08-24,8,601899,紫金矿业,34.54,-0.0057570524,117.514723,有色金属,工业金属
2026-08-24,9,603259,药明康德,155.84,-0.0431045069,107.677378,医药生物,医疗服务
2026-08-25,1,300308,中际旭创,846.0,-0.0278,250.1926751325,通信,通信设备
2026-08-25,2,600487,亨通光电,64.6,0.069,162.73223193,通信,通信设备
2026-08-25,3,603986,兆易创新,395.51,0.0363,153.4313813,电子,半导体
2026-08-25,4,300502,新易盛,400.87,-0.027000000000000003,141.3237180228,通信,通信设备
2026-08-25,5,688825,长鑫科技,56.5,-0.0018,133.16746353,电子,半导体
2026-08-25,6,688256,寒武纪,1010.48,0.042800000000000005,125.8851779,电子,半导体
2026-08-25,7,300394,天孚通信,257.1,0.0305,114.1532878495,通信,通信设备
2026-08-25,8,002384,东山精密,190.84,-0.0143,105.993370916,电子,元件
2026-08-26,1,300308,中际旭创,850.9,0.0058,186.0393543804,通信,通信设备
2026-08-26,2,600487,亨通光电,64.83,0.0036,136.78454901,通信,通信设备
2026-08-26,3,300502,新易盛,398.78,-0.0052,136.3996506677,通信,通信设备
2026-08-26,4,002384,东山精密,194.36,0.0184,123.7042704,电子,元件
2026-08-26,5,688825,长鑫科技,56.1,-0.0070999999999999995,113.35118435,电子,半导体
2026-08-26,6,603986,兆易创新,392.5,-0.0076,111.59256743,电子,半导体
2026-08-26,7,601899,紫金矿业,34.47,0.0235,109.24145121,有色金属,工业金属
2026-08-27,1,300308,中际旭创,866.12,0.0179,227.80310823669998,通信,通信设备
2026-08-27,2,600487,亨通光电,71.3,0.0998,191.24123705,通信,通信设备
2026-08-27,3,688825,长鑫科技,59.12,0.0538,188.39416914,电子,半导体
2026-08-27,4,603986,兆易创新,411.2,0.047599999999999996,165.42661247,电子,半导体
2026-08-27,5,300502,新易盛,409.1,0.0259,148.74143370870001,通信,通信设备
2026-08-27,6,688008,澜起科技,221.22,0.10060000000000001,144.62577105,电子,半导体
2026-08-27,7,600183,生益科技,140.97,0.0843,143.13829939,电子,元件
2026-08-27,8,300274,阳光电源,98.84,-0.12240000000000001,141.3309817067,电力设备,光伏设备
2026-08-27,9,300394,天孚通信,267.16,0.0536,138.2921673923,通信,通信设备
2026-08-27,10,600522,中天科技,36.08,0.0799,117.83460824,通信,通信设备
2026-08-27,11,002384,东山精密,200.6,0.0321,115.6232329508,电子,元件
2026-08-27,12,300476,胜宏科技,263.05,0.0546,102.07529386659999,电子,元件
2026-08-28,1,300308,中际旭创,858.35,-0.009,280.49,通信,通信设备
2026-08-28,2,600487,亨通光电,68.7,-0.0365,183.23,通信,通信设备
2026-08-28,3,300502,新易盛,406.52,0.0886,175.48,通信,通信设备
2026-08-28,4,600183,生益科技,48.96,-0.0257,144.75,电子,元件
2026-08-28,5,300476,胜宏科技,265.73,0.0102,143.12,电子,元件
2026-08-28,6,603986,兆易创新,136.11,0.0221,142.09,电子,半导体
2026-08-28,7,688825,长鑫科技,167.99,-0.0615,132.91,电子,半导体
2026-08-28,8,688256,寒武纪,914.55,0.041,116.37,电子,半导体
2026-08-28,9,002384,东山精密,202.68,0.0104,111.42,电子,元件
2026-08-28,10,601138,工业富联,32.01,0.0079,103.15,电子,消费电子
2026-08-31,1,688825,长鑫科技,58.01,-0.0101,209.34657506,电子,半导体
2026-08-31,2,300308,中际旭创,851.9,-0.0075,189.2570185177,通信,通信设备
2026-08-31,3,600183,生益科技,153.4,0.053200000000000004,157.42216789,电子,元件
2026-08-31,4,688256,寒武纪,1112.18,0.0626,131.43617812,电子,半导体
2026-08-31,5,600487,亨通光电,67.38,-0.0192,127.3848284,通信,通信设备
2026-08-31,6,603986,兆易创新,406.0,0.0231,126.7131847,电子,半导体
2026-08-31,7,300502,新易盛,401.87,0.0072,123.8937729101,通信,通信设备
2026-08-31,8,300274,阳光电源,91.5,-0.0634,101.12776299129999,电力设备,光伏设备
2026-08-31,9,000938,紫光股份,38.95,0.08529999999999999,100.497183937,计算机,IT服务Ⅱ
