date,advance,decline,flat,limit_up,limit_down,effective_stocks,total_amount_100m,hot_count,hot_amount_100m,hot_concentration,market_breadth,snapshot_source,limit_source
2026-01-05,3837,1064,95,,,4996,25346.2636693300,,,,0.5658028974,,
2026-01-06,3726,1158,111,,,4995,27926.6907592800,,,,0.5257985258,,
2026-01-07,2010,2902,85,,,4997,28422.2501593700,,,,-0.1815960912,,
2026-01-08,3426,1457,114,,,4997,27874.3138473000,,,,0.4032357157,,
2026-01-09,3637,1188,171,,,4996,31061.8241908800,,,,0.5075647668,,
2026-01-12,3801,1073,122,,,4996,35839.6544211000,,,,0.5597045548,,
2026-01-13,1462,3438,93,,,4993,36351.1143943600,,,,-0.4032653061,,
2026-01-14,2490,2399,104,,,4993,39255.9672311600,,,,0.0186132133,,
2026-01-15,2088,2808,98,,,4994,28898.2939680700,,,,-0.1470588235,,
2026-01-16,2172,2724,100,,,4996,30120.7730228900,,,,-0.1127450980,,
2026-01-19,3313,1597,88,,,4998,26937.7465524300,,,,0.3494908350,,
2026-01-20,2071,2818,113,,,5002,27628.5532820200,,,,-0.1527919820,,
2026-01-21,2867,1975,158,88.0000000000,11.0000000000,5000,25872.4621560900,,,,0.1842213961,,
2026-01-22,3245,1653,101,92.0000000000,5.0000000000,4999,26774.6534883000,,,,0.3250306247,,
2026-01-23,3594,1281,125,121.0000000000,2.0000000000,5000,30694.0882275100,,,,0.4744615385,,
2026-01-26,1465,3448,84,77.0000000000,40.0000000000,4997,32302.7342411500,,,,-0.4036230409,,
2026-01-27,1792,3130,75,59.0000000000,12.0000000000,4997,28789.7887984200,,,,-0.2718407152,,
2026-01-28,1596,3321,79,84.0000000000,28.0000000000,4996,29475.0839462400,,,,-0.3508236730,,
2026-01-29,1672,3233,92,86.0000000000,35.0000000000,4997,32100.9071567700,,,,-0.3182466871,,
2026-01-30,2267,2630,100,57.0000000000,60.0000000000,4997,28194.9240739400,,,,-0.0741270165,,
2026-02-02,690,4277,32,44.0000000000,123.0000000000,4999,25696.7233278900,,,,-0.7221662976,,
2026-02-03,4471,459,69,83.0000000000,22.0000000000,4999,25305.8726816300,,,,0.8137931034,,
2026-02-04,3045,1890,67,77.0000000000,14.0000000000,5002,24683.4458016100,,,,0.2340425532,,
2026-02-05,1506,3377,118,56.0000000000,23.0000000000,5001,21599.2351802600,,,,-0.3831660864,,
2026-02-06,2485,2371,145,61.0000000000,10.0000000000,5001,21320.4339350800,,,,0.0234761120,,
2026-02-09,4263,663,74,96.0000000000,8.0000000000,5000,22369.9597174800,,,,0.7308160780,,
2026-02-10,2083,2792,127,71.0000000000,10.0000000000,5002,20841.3697252100,,,,-0.1454358974,,
2026-02-11,1906,2944,154,60.0000000000,10.0000000000,5004,19696.4378715200,,,,-0.2140206186,,
2026-02-12,1953,2982,71,69.0000000000,22.0000000000,5006,21292.9337721600,,,,-0.2085106383,,
2026-02-13,1338,3579,87,46.0000000000,16.0000000000,5004,19701.8264009100,,,,-0.4557657108,,
2026-02-24,3644,1294,67,109.0000000000,21.0000000000,5005,21886.6842943600,,,,0.4759011746,,
2026-02-25,3397,1500,105,101.0000000000,4.0000000000,5002,24458.6092301300,,,,0.3873800286,,
2026-02-26,2315,2582,105,78.0000000000,5.0000000000,5002,25237.6097035800,,,,-0.0545231775,,
2026-02-27,3043,1839,122,91.0000000000,1.0000000000,5004,24726.3430202300,,,,0.2466202376,,
2026-03-02,1068,3890,44,94.0000000000,21.0000000000,5002,30044.0054521200,,,,-0.5691811214,,
2026-03-03,537,4447,19,85.0000000000,82.0000000000,5003,31113.3003133200,,,,-0.7845104334,,
2026-03-04,1548,3377,78,46.0000000000,21.0000000000,5003,23523.6635578900,,,,-0.3713705584,,
2026-03-05,3724,1197,83,79.0000000000,7.0000000000,5004,23768.5069028300,,,,0.5135135135,,
2026-03-06,3933,1017,54,88.0000000000,5.0000000000,5004,21845.8783081400,,,,0.5890909091,,
2026-03-09,1320,3601,87,50.0000000000,9.0000000000,5008,26327.0866364700,,,,-0.4635236740,,
2026-03-10,4163,763,81,71.0000000000,7.0000000000,5007,23842.4380489600,,,,0.6902151847,,
2026-03-11,1832,3056,121,67.0000000000,2.0000000000,5009,24937.7441743200,,,,-0.2504091653,,
2026-03-12,1412,3507,90,64.0000000000,6.0000000000,5009,24280.1112837900,,,,-0.4258995731,,
2026-03-13,1370,3507,132,68.0000000000,22.0000000000,5009,23863.2230089600,,,,-0.4381792085,,
2026-03-16,2656,2226,127,60.0000000000,10.0000000000,5009,23124.6795113100,,,,0.0880786563,,
2026-03-17,777,4163,67,52.0000000000,15.0000000000,5007,21942.0649914900,,,,-0.6854251012,,
2026-03-18,3334,1590,83,70.0000000000,14.0000000000,5007,20331.7537766600,,,,0.3541835906,,
2026-03-19,460,4529,18,36.0000000000,14.0000000000,5007,20971.3922117400,,,,-0.8155943075,,
2026-03-20,585,4400,23,39.0000000000,23.0000000000,5008,22716.3263861600,,,,-0.7652958877,,
2026-03-23,275,4728,6,38.0000000000,133.0000000000,5009,24149.5062237900,,,,-0.8900659604,,
2026-03-24,4721,270,15,100.0000000000,8.0000000000,5006,20679.2392575300,,,,0.8918052494,,
2026-03-25,4466,497,43,105.0000000000,4.0000000000,5006,21628.2560497700,,,,0.7997179126,,
2026-03-26,819,4120,67,51.0000000000,13.0000000000,5006,19306.3712748200,,,,-0.6683539178,,
2026-03-27,4028,919,56,93.0000000000,5.0000000000,5003,18400.9027574700,,,,0.6284616940,,
2026-03-30,2717,2156,128,76.0000000000,16.0000000000,5001,19038.6734972200,,,,0.1151241535,,
2026-03-31,865,4060,78,59.0000000000,17.0000000000,5003,19741.5391694700,,,,-0.6487309645,,
2026-04-01,4111,799,96,65.0000000000,14.0000000000,5006,19970.1766830600,,,,0.6745417515,,
2026-04-02,862,4096,49,32.0000000000,16.0000000000,5007,18300.4394615600,,,,-0.6522791448,,
2026-04-03,670,4316,21,38.0000000000,41.0000000000,5007,16442.1047086000,,,,-0.7312474930,,
2026-04-07,3709,1231,66,101.0000000000,18.0000000000,5006,16046.0214682200,,,,0.5016194332,,
2026-04-08,4728,266,14,135.0000000000,12.0000000000,5008,24188.7404665700,,,,0.8934721666,,
2026-04-09,1052,3916,42,61.0000000000,13.0000000000,5010,21213.3297424300,,,,-0.5764895330,,
2026-04-10,3582,1317,112,77.0000000000,12.0000000000,5011,23055.1713283700,,,,0.4623392529,,
2026-04-13,2191,2677,144,86.0000000000,10.0000000000,5012,21356.9160025500,,,,-0.0998356615,,
2026-04-14,3421,1438,154,72.0000000000,10.0000000000,5013,23672.1482430600,,,,0.4081086643,,
2026-04-15,1633,3288,91,67.0000000000,14.0000000000,5012,24008.2229098300,,,,-0.3363137574,,
2026-04-16,3946,957,110,88.0000000000,9.0000000000,5013,23191.5994568700,,,,0.6096267591,,
2026-04-17,2018,2890,108,76.0000000000,7.0000000000,5016,24084.2309842100,,,,-0.1776691117,,
2026-04-20,3114,1741,159,92.0000000000,17.0000000000,5014,25645.9189742800,,,,0.2828012358,,
2026-04-21,1844,3062,109,65.0000000000,19.0000000000,5015,23764.1044726300,,,,-0.2482674276,,
2026-04-22,2600,2288,125,63.0000000000,17.0000000000,5013,25420.9450367800,,,,0.0638297872,,
2026-04-23,1261,3665,83,59.0000000000,31.0000000000,5009,27863.8752774900,,,,-0.4880227365,,
2026-04-24,1903,3000,103,68.0000000000,40.0000000000,5006,26133.2674389100,,,,-0.2237405670,,
2026-04-27,3092,1814,94,85.0000000000,54.0000000000,5000,25709.6175571800,,,,0.2604973502,,
2026-04-28,1591,3292,107,77.0000000000,54.0000000000,4990,25173.7165772300,,,,-0.3483514233,,
2026-04-29,3625,1255,79,120.0000000000,42.0000000000,4959,25718.9356675900,,,,0.4856557377,,
2026-04-30,2576,2242,113,97.0000000000,55.0000000000,4931,27174.6976009500,,,,0.0693233707,,
2026-05-06,3570,1262,99,126.0000000000,64.0000000000,4931,32011.8041551300,,,,0.4776490066,,
2026-05-07,3130,1672,131,128.0000000000,55.0000000000,4933,31177.5446754400,,,,0.3036234902,,
2026-05-08,3202,1616,115,126.0000000000,32.0000000000,4933,30182.7291460400,,,,0.3291822333,,
2026-05-11,2905,1908,118,135.0000000000,30.0000000000,4931,35033.7332171700,,,,0.2071473094,,
2026-05-12,1162,3718,52,94.0000000000,34.0000000000,4932,32135.7925070900,,,,-0.5237704918,,
2026-05-13,2906,1904,127,147.0000000000,17.0000000000,4937,32106.7768739800,,,,0.2083160083,,
2026-05-14,929,3958,50,82.0000000000,48.0000000000,4937,33339.1573398900,,,,-0.6198076530,,
2026-05-15,1590,3263,85,73.0000000000,45.0000000000,4938,33122.1453853300,,,,-0.3447352153,,
2026-05-18,2235,2597,109,99.0000000000,55.0000000000,4941,28667.9769536300,,,,-0.0749172185,,
2026-05-19,3196,1640,106,123.0000000000,26.0000000000,4942,28650.5843284900,,,,0.3217535153,,
2026-05-20,1517,3382,48,71.0000000000,41.0000000000,4947,29273.7163934100,,,,-0.3806899367,,
2026-05-21,639,4281,30,37.0000000000,69.0000000000,4950,34536.2443739200,,,,-0.7402439024,,
2026-05-22,3575,1272,104,138.0000000000,20.0000000000,4951,28757.3694842900,,,,0.4751392614,,
2026-05-25,2029,2835,89,129.0000000000,26.0000000000,4953,31856.2297352500,,,,-0.1657072368,,
2026-05-26,1249,3644,60,68.0000000000,37.0000000000,4953,32197.9158879000,,,,-0.4894747599,,
2026-05-27,869,4050,34,62.0000000000,35.0000000000,4953,32061.0190415500,,,,-0.6466761537,,
2026-05-28,2581,2262,111,127.0000000000,13.0000000000,4954,29470.0341759300,,,,0.0658682635,,
2026-05-29,1354,3540,60,70.0000000000,64.0000000000,4954,32974.8671329500,,,,-0.4466693911,,
2026-06-01,3329,1587,42,170.0000000000,25.0000000000,4958,28580.1561374500,,,,0.3543531326,,
2026-06-02,1254,3643,64,98.0000000000,17.0000000000,4961,27729.1405569400,,,,-0.4878497039,,
2026-06-03,1598,3301,66,82.0000000000,30.0000000000,4965,31067.7152168000,,,,-0.3476219637,,
2026-06-04,1258,3664,43,90.0000000000,34.0000000000,4965,27381.9643582000,,,,-0.4888256806,,
2026-06-05,2879,1978,110,88.0000000000,18.0000000000,4967,30481.6066870800,,,,0.1855054560,,
2026-06-08,621,4331,17,64.0000000000,56.0000000000,4969,27734.8512009900,,,,-0.7491922456,,
2026-06-09,3115,1725,127,144.0000000000,19.0000000000,4967,26202.4466079000,,,,0.2871900826,,
2026-06-10,1483,3413,71,76.0000000000,74.0000000000,4967,26031.0286006200,,,,-0.3941993464,,
2026-06-11,1293,3609,66,79.0000000000,55.0000000000,4968,25369.8187171800,,,,-0.4724602203,,
2026-06-12,3567,1343,60,105.0000000000,23.0000000000,4970,31999.7728041700,,,,0.4529531568,,
2026-06-15,3539,1328,104,164.0000000000,12.0000000000,4971,30178.3327043900,,,,0.4542839532,,
2026-06-16,2498,2388,89,140.0000000000,11.0000000000,4975,30486.6697359600,,,,0.0225133033,,
2026-06-17,1552,3379,41,98.0000000000,21.0000000000,4972,30761.5615481500,,,,-0.3705130805,,
2026-06-18,1907,2987,81,103.0000000000,42.0000000000,4975,32942.9461135000,,,,-0.2206783817,,
2026-06-22,2641,2217,120,155.0000000000,33.0000000000,4978,37207.7227270700,,,,0.0872787155,,
2026-06-23,2415,2480,85,125.0000000000,53.0000000000,4980,34250.3709091400,,,,-0.0132788560,,
2026-06-24,1346,3595,38,106.0000000000,66.0000000000,4979,32594.3592723400,,,,-0.4551710180,,
2026-06-25,1177,3754,50,95.0000000000,91.0000000000,4981,35790.3800172900,,,,-0.5226120462,,
2026-06-26,676,4272,35,73.0000000000,46.0000000000,4983,35237.8769230900,,,,-0.7267582862,,
2026-06-29,2322,2555,103,127.0000000000,75.0000000000,4980,35034.5519360700,,,,-0.0477752717,,
2026-06-30,2780,2119,78,172.0000000000,22.0000000000,4977,32602.1731815300,,,,0.1349254950,,
2026-07-01,3867,1080,35,226.0000000000,13.0000000000,4982,36456.1701283500,,,,0.5633717404,,
2026-07-02,1951,2913,122,159.0000000000,44.0000000000,4986,34176.3435331300,,,,-0.1977796053,,
2026-07-03,3363,1545,79,161.0000000000,27.0000000000,4987,31651.0172792800,,,,0.3704156479,,
2026-07-06,1759,3137,92,73.0000000000,53.0000000000,4988,30710.4507685800,,,,-0.2814542484,,
2026-07-07,619,4349,18,34.0000000000,50.0000000000,4986,25647.7248213800,,,,-0.7508051530,,
2026-07-08,1391,3474,121,58.0000000000,47.0000000000,4986,25485.5888821400,,,,-0.4281603289,,
2026-07-09,2300,2562,124,75.0000000000,15.0000000000,4986,28955.0378801800,,,,-0.0538872892,,
2026-07-10,3375,1549,60,95.0000000000,7.0000000000,4984,33641.3491069200,,,,0.3708367181,,
2026-07-13,745,4210,34,32.0000000000,187.0000000000,4989,28010.0632438300,,,,-0.6992936428,,
2026-07-14,3785,1148,56,79.0000000000,22.0000000000,4989,26886.7110108700,,,,0.5345631462,,
2026-07-15,3086,1842,61,71.0000000000,31.0000000000,4989,25558.5357395800,,,,0.2524350649,,
2026-07-16,2237,2612,139,40.0000000000,33.0000000000,4988,23894.5852803900,,,,-0.0773355331,,
2026-07-17,386,4570,32,32.0000000000,191.0000000000,4988,26391.0023356400,,,,-0.8442292171,,
2026-07-20,1688,3232,70,53.0000000000,210.0000000000,4990,26872.2298789600,,,,-0.3138211382,,
2026-07-21,2810,2082,98,120.0000000000,20.0000000000,4990,29408.8472976500,,,,0.1488143908,,
2026-07-22,1370,3516,106,46.0000000000,8.0000000000,4992,26415.7492249300,,,,-0.4392140810,,
2026-07-23,3820,1119,53,115.0000000000,2.0000000000,4992,21840.2787357300,,,,0.5468718364,,
2026-07-24,495,4476,20,40.0000000000,24.0000000000,4991,19203.6492246900,,,,-0.8008449004,,
2026-07-27,4695,256,35,111.0000000000,6.0000000000,4986,19257.5728664000,,,,0.8965865482,,
2026-07-28,2252,2598,137,60.0000000000,47.0000000000,4987,20146.5149243600,,,,-0.0713402062,,
2026-07-29,3968,1173,61,86.0000000000,11.0000000000,5202,22963.3860863787,14.0000000000,2875.2128238722,0.1252085739,0.5436685470,Choice全部A股日行情修复,Choice全部A股日行情涨跌停标记修复
2026-07-30,1728,3477,115,52.0000000000,81.0000000000,5320,23449.8573270000,20.0000000000,3814.0145000000,0.1626455311,-0.3360230548,,
2026-07-31,4505,712,104,100.0000000000,0.0000000000,5321,25477.0105690000,26.0000000000,4586.5801000000,0.1800281900,0.7270461951,,
2026-08-03,3840,1430,51,75.0000000000,9.0000000000,5321,19990.2015020000,11.0000000000,1802.0536000000,0.0901468452,0.4573055028,,
2026-08-04,3531,1670,121,139.0000000000,1.0000000000,5322,22092.2282410000,13.0000000000,2441.1919000000,0.1105000308,0.3578158047,,
2026-08-05,3537,1541,163,103.0000000000,1.0000000000,5241,26618.5682594200,30.0000000000,5261.6395028900,0.1976680132,0.3930681371,,
2026-08-06,2665,2515,144,79.0000000000,1.0000000000,5324,25291.4596136400,21.0000000000,3549.8842781000,0.1403590118,0.0289575290,,
2026-08-07,2671,2399,136,75.0000000000,4.0000000000,5206,26642.5148127957,30.0000000000,4768.8787307949,0.1789950673,0.0536489152,Choice全部A股日行情修复,Choice全部A股日行情涨跌停标记修复
2026-08-10,3939,1319,69,99.0000000000,6.0000000000,5327,25207.9314391400,23.0000000000,3857.0185127900,0.1530081325,0.4982883226,,
2026-08-11,1502,3689,135,58.0000000000,1.0000000000,5326,23098.4276893100,18.0000000000,2671.0240451200,0.1156366174,-0.4213061067,A股每日市场监控_20260814_最终修正版.xlsx/02_统一历史数据 verified migration,A股每日市场监控_20260814_最终修正版.xlsx/02_统一历史数据 verified migration
2026-08-12,3974,1236,117,92.0000000000,0.0000000000,5327,21461.7495445300,14.0000000000,2097.6356960000,0.0977383364,0.5255278311,A股每日市场监控_20260814_最终修正版.xlsx/02_统一历史数据 verified migration,A股每日市场监控_20260814_最终修正版.xlsx/02_统一历史数据 verified migration
2026-08-13,1087,4166,77,59.0000000000,4.0000000000,5330,25484.5356986700,23.0000000000,3365.6810269700,0.1320675827,-0.5861412526,A股每日市场监控_20260814_最终修正版.xlsx/02_统一历史数据 verified migration,A股每日市场监控_20260814_最终修正版.xlsx/02_统一历史数据 verified migration
2026-08-14,2306,2871,154,62.0000000000,13.0000000000,5331,21415.4089419200,12.0000000000,1796.1331224600,0.0838710635,-0.1091365656,,
2026-08-17,4224,982,123,106.0000000000,1.0000000000,5329,23870.4595883700,21.0000000000,3431.9990228200,0.1437759927,0.6227429889,,
2026-08-18,2068,3149,115,80.0000000000,6.0000000000,5332,24002.4305637900,16.0000000000,2479.6655749700,0.1033089365,-0.2072072072,,
2026-08-19,425,4884,22,37.0000000000,129.0000000000,5331,24892.6807527100,15.0000000000,2549.2402289100,0.1024092284,-0.8398945187,,
2026-08-20,3920,1320,91,79.0000000000,12.0000000000,5331,20707.4271137800,12.0000000000,1661.0939692300,0.0802173037,0.4961832061,,
2026-08-21,2361,2817,155,54.0000000000,13.0000000000,5333,18724.9836793652,9.0000000000,1349.6168176222,0.0720757273,-0.0880648899,东方财富沪深京A股延迟行情直连,东方财富涨跌停池直接接口
2026-08-24,1432,3913,116,48.0000000000,14.0000000000,5461,20214.0000000000,9.0000000000,1600.9705560000,0.0792010763,-0.4641721235,同花顺收盘复盘归档（漏跑日一次性恢复）,同花顺收盘复盘归档（漏跑日一次性恢复）
2026-08-25,3966,1177,65,70.0000000000,4.0000000000,5208,18249.9109690150,8.0000000000,1186.8793065808,0.0650347998,0.5422904919,东方财富沪深京A股延迟行情直连; 乐咕市场活跃度 API（与网页 overview-v2 同源）,乐咕市场活跃度 API（网页主源）
2026-08-26,2760,2310,139,56.0000000000,2.0000000000,5209,18051.1839351116,7.0000000000,917.1130274481,0.0508062535,0.0887573964,东方财富沪深京A股延迟行情直连; 乐咕市场活跃度 API（与网页 overview-v2 同源）,乐咕市场活跃度 API（网页主源）
2026-08-27,3191,1821,197,77.0000000000,4.0000000000,5209,21271.5426173453,12.0000000000,1824.5269152018,0.0857731359,0.2733439745,东方财富沪深京A股延迟行情直连; 乐咕市场活跃度 API（与网页 overview-v2 同源）,乐咕市场活跃度 API（网页主源）
2026-08-28,3009,2386,148,83.0000000000,3.0000000000,5543,21177.3200000000,10.0000000000,1533.0100000000,0.0723892353,0.1154772938,东方财富Choice数据日报摘录修复,东方财富Choice数据日报摘录修复
2026-08-31,3000,2071,135,87.0000000000,13.0000000000,5206,21321.5540655935,9.0000000000,1267.0786725261,0.0594271257,0.1831985802,东方财富沪深京A股延迟行情直连; 乐咕市场活跃度 API（与网页 overview-v2 同源）,乐咕市场活跃度 API（网页主源）
2026-09-01,3093,1995,119,83.0000000000,0.0000000000,5207,20369.8712301063,9.0000000000,1210.0277781866,0.0594028192,0.2158018868,东方财富沪深京A股延迟行情直连; 乐咕市场活跃度 API（与网页 overview-v2 同源）,乐咕市场活跃度 API（网页主源）
2026-09-02,1246,3858,104,52.0000000000,9.0000000000,5208,18055.6670384754,6.0000000000,810.2225301950,0.0448735861,-0.5117554859,东方财富沪深京A股延迟行情直连; 乐咕市场活跃度 API（与网页 overview-v2 同源）,乐咕市场活跃度 API（网页主源）
2026-09-03,1805,3275,129,46.0000000000,17.0000000000,5209,17663.1231098014,3.0000000000,389.6888798655,0.0220622863,-0.2893700787,东方财富沪深京A股延迟行情直连; 乐咕市场活跃度 API（与网页 overview-v2 同源）,乐咕市场活跃度 API（网页主源）
2026-09-04,2249,2773,185,41.0000000000,9.0000000000,5207,20376.6822975030,7.0000000000,878.0173803241,0.0430893198,-0.1043409000,东方财富沪深京A股延迟行情直连; 乐咕市场活跃度 API（与网页 overview-v2 同源）,乐咕市场活跃度 API（网页主源）
