指数代码,指数名称,发布日期,收盘指数,成交量,涨跌幅,换手率,市盈率,市净率,均价,成交额占比,流通市值,平均流通市值,股息率
801995,电视广播Ⅱ,2026-08-04,1028.09,4.75,0.88,4.14,65.54,1.13,10.04,0.15,659.06,47.08,1.27
801086,电子化学品Ⅱ,2026-08-04,10534.6,8.99,7.05,8.69,89.27,5.83,51.95,1.83,3749.7,107.13,0.38
801092,汽车服务,2026-08-04,445.94,1.35,0.65,3.16,40.9,1.72,6.7,0.05,233.42,25.94,0.74
801093,汽车零部件,2026-08-04,7056.88,32.34,1.05,4.07,24.58,2.27,21.34,2.32,11330.03,46.82,1.35
801095,乘用车,2026-08-04,14768.27,5.19,-3.09,2.97,25.99,1.69,24.96,0.62,3713.12,464.14,0.7
801096,商用车,2026-08-04,7062.79,4.23,-1.92,3.29,23.15,2.55,11.64,0.27,1345.58,103.51,2.88
801101,计算机设备,2026-08-04,2933.48,12.29,2.44,4.32,39.69,3.66,26.43,1.68,6567.77,80.09,1.27
801102,通信设备,2026-08-04,9509.41,24.98,10.74,7.6,69.29,9.66,71.28,10.22,24597.5,289.38,0.3
801103,IT服务Ⅱ,2026-08-04,4858.24,34.83,3.68,5.9,115.61,3.42,22.21,2.9,7915.46,64.88,0.29
801104,软件开发,2026-08-04,5953.22,29.49,2.53,6.18,88.84,4.39,31.28,3.42,9307.35,71.6,0.47
801111,白色家电,2026-08-04,19530.94,2.29,-1.07,1.44,11.75,2.12,20.24,0.43,6699.11,609.01,5.03
801112,黑色家电,2026-08-04,1920.63,2.16,1.05,2.8,29.28,2.07,19.34,0.11,780.22,86.69,1.1
801113,小家电,2026-08-04,4064.56,1.07,-0.61,2.88,23.53,2.46,24.98,0.1,680.34,34.02,1.54
801114,厨卫电器,2026-08-04,7782.26,0.75,0.13,3.4,20.86,1.48,10.46,0.05,201.33,22.37,3.58
801115,照明设备Ⅱ,2026-08-04,4135.55,1.09,1.94,2.77,51.05,1.88,21.06,0.06,249.84,20.82,1.58
801116,家电零部件Ⅱ,2026-08-04,6439.64,3.47,2.12,3.79,37.88,3.44,18.22,0.34,1590.68,54.85,0.95
801117,其他家电Ⅱ,2026-08-04,529.51,0.21,0.26,1.88,43.02,1.22,8.89,0.01,60.65,20.22,1.46
801124,食品加工,2026-08-04,12627.47,4.6,-0.82,5.37,25.3,2.02,15.06,0.18,970.66,38.83,3.19
801125,白酒Ⅱ,2026-08-04,37469.21,2.19,-1.97,2.63,20.11,3.73,106.16,0.74,10026.39,527.7,4.41
801126,非白酒,2026-08-04,3497.3,1.38,-1.81,2.67,23.88,2.52,14.62,0.11,704.21,44.01,2.6
801127,饮料乳品,2026-08-04,7055.66,4.94,-1.66,3.81,17.65,2.91,17.89,0.42,2566.21,98.7,4.02
801128,休闲食品,2026-08-04,1637.77,1.83,-1.42,4.4,18.1,1.93,15.76,0.12,502.48,22.84,2.64
801129,调味发酵品Ⅱ,2026-08-04,6976.65,3.55,-0.45,4.67,28.0,3.45,16.57,0.24,1300.06,92.86,2.51
801131,纺织制造,2026-08-04,1702.53,4.43,0.41,4.54,22.43,1.59,12.59,0.23,740.77,23.15,2.57
801132,服装家纺,2026-08-04,1433.31,6.78,0.4,3.67,26.62,1.68,11.2,0.3,1245.83,21.12,2.79
801133,饰品,2026-08-04,1318.38,3.16,-1.2,5.18,19.47,1.76,10.74,0.09,410.73,27.38,2.79
801141,包装印刷,2026-08-04,2640.3,6.08,2.19,3.83,35.73,2.16,10.95,0.29,1130.6,28.27,1.56
801142,家居用品,2026-08-04,1568.33,4.71,0.73,3.9,27.35,1.77,16.75,0.28,1393.16,19.08,2.27
801143,造纸,2026-08-04,2075.87,6.32,-0.23,4.12,27.28,1.15,10.19,0.17,770.2,33.49,1.56
801145,文娱用品,2026-08-04,1619.09,1.15,2.02,3.78,39.57,2.81,16.61,0.07,395.08,19.75,1.17
801085,消费电子,2026-08-04,9675.48,19.09,4.56,4.69,35.58,4.39,38.29,3.63,12416.22,136.44,0.84
801151,化学制药,2026-08-04,11535.65,27.02,1.81,4.55,39.41,3.02,22.32,2.1,9805.46,65.81,1.04
801084,光学光电子,2026-08-04,1705.84,44.82,4.32,4.91,56.62,2.31,28.02,2.36,7361.99,79.16,0.68
801082,其他电子Ⅱ,2026-08-04,15076.21,6.01,5.38,6.7,52.77,5.04,34.63,0.86,2059.63,62.41,0.36
801011,林业Ⅱ,2026-08-04,1602.71,1.96,3.05,10.22,4994.85,5.57,10.66,0.07,129.75,32.44,0.02
801012,农产品加工,2026-08-04,2108.41,2.32,0.4,2.65,38.8,1.92,12.2,0.13,732.55,31.85,1.85
801014,饲料,2026-08-04,3553.56,2.55,-1.93,2.13,46.75,2.02,13.4,0.13,987.88,54.88,1.27
801015,渔业,2026-08-04,676.29,0.84,-0.32,3.05,141.48,2.31,4.98,0.02,98.12,16.35,0.19
801016,种植业,2026-08-04,2244.37,4.83,-0.76,4.54,36.19,2.12,7.46,0.16,700.77,35.04,1.24
801017,养殖业,2026-08-04,2572.95,4.28,-1.96,1.82,34.76,2.3,11.49,0.29,2446.09,111.19,2.8
801018,动物保健Ⅱ,2026-08-04,4450.47,0.64,2.06,2.19,43.54,2.0,13.13,0.04,324.95,36.11,1.4
801019,农业综合Ⅱ,2026-08-04,1161.7,0.21,-0.91,1.93,37.28,1.29,4.43,0.0,47.68,23.84,2.05
801032,化学纤维,2026-08-04,4385.89,4.33,-0.14,3.38,38.52,1.69,12.35,0.18,990.47,38.09,0.93
801033,化学原料,2026-08-04,3207.91,12.97,0.6,3.56,29.71,1.71,11.0,0.69,3378.1,59.26,1.63
801034,化学制品,2026-08-04,6355.45,22.03,0.93,4.56,27.18,2.18,19.27,2.01,8121.34,47.49,1.54
801036,塑料,2026-08-04,4461.95,12.34,4.53,6.24,58.18,3.08,25.58,1.12,3088.11,42.89,0.63
801037,橡胶,2026-08-04,4296.2,1.79,2.26,3.87,52.98,2.37,17.22,0.12,485.28,28.55,0.75
801038,农化制品,2026-08-04,5096.3,11.13,0.03,3.09,20.03,2.14,15.46,0.73,4761.46,80.7,1.66
801039,非金属材料Ⅱ,2026-08-04,5319.18,0.67,5.67,4.92,48.87,2.98,38.32,0.16,449.21,56.15,0.54
801043,冶钢原料,2026-08-04,3182.55,2.12,0.19,2.24,44.13,1.77,10.23,0.08,602.89,66.99,1.57
801044,普钢,2026-08-04,2100.95,13.88,-1.5,2.37,37.08,0.79,3.1,0.24,1552.41,70.56,1.63
801045,特钢Ⅱ,2026-08-04,3885.55,3.13,-1.84,2.7,17.27,1.24,10.57,0.1,721.16,60.1,3.08
801051,金属新材料,2026-08-04,8707.05,4.39,3.84,4.98,61.79,3.74,34.53,0.48,1652.55,51.64,0.63
801053,贵金属,2026-08-04,23515.35,4.92,-1.0,4.2,21.52,3.73,24.89,0.59,2601.87,236.53,0.86
801054,小金属,2026-08-04,33923.45,7.96,4.09,6.12,47.3,4.74,36.01,1.54,4595.82,170.22,0.65
801055,工业金属,2026-08-04,3291.4,30.04,0.67,3.36,15.67,2.76,15.14,2.34,13816.51,234.18,1.75
801056,能源金属,2026-08-04,16357.84,2.9,3.07,4.97,24.46,2.16,49.21,0.68,2582.66,234.79,0.47
801072,通用设备,2026-08-04,7366.89,41.79,5.0,7.79,61.45,3.61,39.21,3.61,8992.19,41.44,0.6
801074,专用设备,2026-08-04,11140.0,22.46,3.67,4.25,41.22,3.01,24.95,2.07,7356.57,40.64,0.93
801076,轨交设备Ⅱ,2026-08-04,5618.64,4.75,-1.06,2.41,18.47,1.21,14.84,0.19,1331.28,44.38,3.32
801077,工程机械,2026-08-04,22202.31,7.99,-2.35,2.95,19.52,1.96,24.53,0.46,3701.21,132.19,2.19
801078,自动化设备,2026-08-04,19525.95,9.11,5.05,4.84,74.97,5.54,48.96,2.27,7197.29,91.1,0.37
801081,半导体,2026-08-04,9190.96,42.41,5.39,7.43,111.68,8.63,118.58,18.29,48254.68,271.09,0.15
801083,元件,2026-08-04,19866.44,21.11,8.47,9.41,70.43,8.73,60.45,5.75,14056.49,234.27,0.53
801152,生物制品,2026-08-04,5360.98,4.87,1.67,2.47,42.59,2.14,28.28,0.57,3193.05,62.61,1.1
801994,教育,2026-08-04,1778.87,6.58,2.63,5.93,98.01,4.37,13.79,0.21,518.63,30.51,0.45
801154,医药商业,2026-08-04,4551.59,4.34,-0.26,3.57,17.97,1.2,12.9,0.22,1150.62,35.96,2.29
801738,电网设备,2026-08-04,5557.68,38.3,1.36,7.1,31.58,2.82,19.56,2.77,8704.51,69.08,1.17
801741,航天装备Ⅱ,2026-08-04,24888.47,1.93,3.5,4.6,366.94,4.57,37.82,0.31,1105.34,122.82,0.1
801742,航空装备Ⅱ,2026-08-04,8187.18,4.8,0.34,2.68,63.8,3.05,28.97,0.66,4337.77,96.4,0.55
801743,地面兵装Ⅱ,2026-08-04,14874.82,2.04,1.19,4.34,109.86,2.87,24.29,0.21,634.13,52.84,0.38
801744,航海装备Ⅱ,2026-08-04,3110.75,2.17,-0.65,2.46,26.44,2.12,31.51,0.3,2485.33,248.53,0.74
801745,军工电子Ⅱ,2026-08-04,5782.92,7.21,2.61,3.85,88.88,4.14,36.85,1.09,4626.15,75.84,0.34
801764,游戏Ⅱ,2026-08-04,2958.76,13.97,3.0,5.35,25.34,3.35,28.85,1.16,3413.58,131.29,1.27
801765,广告营销,2026-08-04,2713.46,28.21,4.68,11.05,62.43,4.4,11.5,1.65,2118.18,75.65,2.7
801766,影视院线,2026-08-04,1085.18,11.92,4.33,9.11,253.08,2.7,9.11,0.43,922.15,48.53,0.28
801767,数字媒体,2026-08-04,1653.47,3.54,3.84,10.23,68.17,2.76,20.27,0.33,580.23,41.45,0.52
801769,出版,2026-08-04,1461.04,4.24,1.0,3.98,23.39,1.55,11.2,0.31,855.0,29.48,2.01
801782,国有大型银行Ⅱ,2026-08-04,1928.2,22.11,-3.49,2.09,7.33,0.61,7.04,0.83,7347.35,1224.56,4.05
801783,股份制银行Ⅱ,2026-08-04,4231.0,13.13,-2.48,1.36,5.63,0.45,11.44,0.65,9981.96,1109.11,5.24
801784,城商行Ⅱ,2026-08-04,1041.48,9.74,-2.25,1.47,5.86,0.52,9.69,0.42,6122.45,360.14,4.68
801785,农商行Ⅱ,2026-08-04,778.0,4.75,-2.88,1.75,5.81,0.54,5.07,0.13,1460.74,146.07,4.64
801881,摩托车及其他,2026-08-04,3431.89,1.24,-0.92,2.73,26.58,3.28,51.14,0.12,867.36,57.82,2.06
801951,煤炭开采,2026-08-04,3547.31,8.41,-0.61,3.0,18.95,1.44,11.26,0.5,3838.56,147.64,2.69
801952,焦炭Ⅱ,2026-08-04,1132.77,1.84,-0.4,2.45,567.13,1.22,3.23,0.03,247.08,35.3,0.46
801961,油气开采Ⅱ,2026-08-04,2529.34,1.98,-0.49,1.83,15.41,1.55,11.3,0.09,982.48,245.62,2.36
801962,油服工程,2026-08-04,2359.14,5.0,0.38,4.41,25.5,1.59,10.28,0.25,641.52,49.35,1.63
801963,炼化及贸易,2026-08-04,2954.06,10.34,-1.54,2.3,20.04,1.26,10.09,0.45,3661.82,122.06,2.13
801971,环境治理,2026-08-04,1840.57,13.04,0.66,3.13,23.3,1.43,13.2,0.61,3008.12,28.92,1.4
801972,环保设备Ⅱ,2026-08-04,2056.32,7.05,2.41,10.66,38.11,2.24,16.78,0.37,785.54,30.21,1.06
801981,个护用品,2026-08-04,1244.63,0.6,-1.27,3.13,27.75,1.9,18.95,0.05,249.62,20.8,2.0
801982,化妆品,2026-08-04,5879.12,1.31,-0.66,4.87,29.0,2.51,21.54,0.12,419.93,32.3,1.51
801983,医疗美容,2026-08-04,1106.2,0.17,-0.56,1.7,39.07,3.41,49.06,0.04,235.73,78.58,1.28
801991,航空机场,2026-08-04,2382.54,6.71,-1.63,1.72,25.01,2.19,12.34,0.17,1683.65,140.3,1.1
801992,航运港口,2026-08-04,3342.06,12.38,-1.47,2.91,14.15,1.28,7.87,0.5,2825.65,83.11,3.34
801993,旅游及景区,2026-08-04,1901.41,2.29,-0.72,2.64,44.32,2.41,14.19,0.11,636.77,25.47,1.29
801737,电池,2026-08-04,23196.62,17.25,0.96,3.98,27.63,3.37,35.99,2.77,20001.8,206.2,1.19
801736,风电设备,2026-08-04,2165.72,6.19,0.99,4.06,32.7,1.61,24.2,0.5,1900.33,63.34,0.67
801153,医疗器械,2026-08-04,5686.93,8.09,0.19,3.27,36.81,2.39,30.21,1.06,5893.99,45.69,1.29
801733,其他电源设备Ⅱ,2026-08-04,36578.99,8.33,3.81,5.1,58.01,3.14,36.61,0.98,2802.33,87.57,0.72
801155,中药Ⅱ,2026-08-04,5771.92,11.3,-0.19,2.93,23.98,1.99,16.48,0.61,3960.96,60.01,2.92
801156,医疗服务,2026-08-04,7685.12,11.54,7.44,4.84,30.89,3.77,33.97,1.83,6132.56,120.25,0.96
801161,电力,2026-08-04,3318.7,63.06,-0.8,4.04,21.31,1.58,8.34,2.57,11129.59,102.11,2.47
801163,燃气Ⅱ,2026-08-04,3093.33,3.75,0.07,3.44,23.39,1.84,11.83,0.19,966.49,34.52,2.0
801178,物流,2026-08-04,4181.57,5.65,-1.39,2.28,16.68,1.11,10.98,0.26,2496.7,53.12,2.64
801179,铁路公路,2026-08-04,1519.19,8.11,-1.81,2.08,17.16,0.88,8.01,0.24,2069.29,62.71,2.79
801181,房地产开发,2026-08-04,2123.58,31.66,-0.41,3.35,18.62,0.74,5.49,0.75,3722.9,44.85,0.89
801183,房地产服务,2026-08-04,737.03,2.06,-0.62,2.79,47.37,1.42,6.48,0.04,230.01,19.17,1.26
801735,光伏设备,2026-08-04,5315.54,16.4,1.61,3.85,43.77,2.62,28.64,1.46,7318.75,110.89,0.8
801193,证券Ⅱ,2026-08-04,6253.34,21.82,-0.25,1.61,15.48,1.19,10.81,1.39,15706.32,314.13,2.01
801194,保险Ⅱ,2026-08-04,1193.85,3.22,-2.82,1.9,6.93,1.02,38.56,0.56,7150.55,1430.11,4.57
801202,贸易Ⅱ,2026-08-04,4179.6,1.36,-0.38,2.23,22.39,1.31,7.37,0.05,405.84,33.82,1.79
801203,一般零售,2026-08-04,2733.0,13.97,-0.28,3.26,38.75,1.47,10.83,0.46,2146.74,35.78,1.26
801204,专业连锁Ⅱ,2026-08-04,3660.4,0.93,-0.67,3.25,59.69,2.74,10.71,0.05,265.11,37.87,1.44
801206,互联网电商,2026-08-04,9958.54,3.52,2.62,3.74,33.14,2.4,15.76,0.21,606.24,33.68,0.92
801191,多元金融,2026-08-04,1144.38,5.78,-0.49,2.33,20.58,1.21,8.79,0.21,1491.54,62.15,1.4
801216,体育Ⅱ,2026-08-04,1460.8,0.44,-0.71,5.45,,3.07,9.34,0.02,63.51,31.76,
801207,旅游零售Ⅱ,2026-08-04,6653.87,0.56,-1.93,3.36,31.31,2.16,30.83,0.12,555.09,277.54,1.15
801731,电机Ⅱ,2026-08-04,12771.36,4.43,1.46,5.91,49.17,3.24,28.63,0.45,1228.26,47.24,0.74
801726,工程咨询服务Ⅱ,2026-08-04,2081.99,6.25,2.69,8.08,44.91,1.86,16.64,0.51,925.92,23.15,0.83
801724,专业工程,2026-08-04,1724.36,7.74,0.84,3.22,20.2,1.04,18.64,0.44,1567.95,42.38,1.76
801722,装修装饰Ⅱ,2026-08-04,3864.03,3.88,2.47,3.96,67.67,2.35,10.64,0.16,484.62,22.03,0.93
801721,房屋建设Ⅱ,2026-08-04,2829.71,5.55,-1.56,3.05,7.59,0.45,8.12,0.13,744.52,93.06,3.82
801723,基础建设,2026-08-04,2102.22,14.95,-0.94,2.66,9.52,0.49,7.68,0.4,2472.12,61.8,2.77
801712,玻璃玻纤,2026-08-04,17882.18,9.5,6.19,8.85,51.11,3.11,20.66,1.35,1840.27,115.02,0.77
801711,水泥,2026-08-04,3932.9,3.33,-1.05,2.49,20.72,0.65,7.51,0.15,983.75,46.85,2.99
801231,综合Ⅱ,2026-08-04,4143.81,4.06,4.73,3.43,90.92,2.69,7.72,0.2,959.99,48.0,0.27
801223,通信服务,2026-08-04,2184.53,15.44,1.44,3.98,26.58,1.76,20.13,1.08,3782.31,102.22,2.24
801219,酒店餐饮,2026-08-04,1483.49,1.89,-1.86,6.32,26.97,1.57,9.99,0.07,254.04,28.23,2.01
801218,专业服务,2026-08-04,5421.52,2.78,1.84,4.18,26.74,2.26,20.19,0.22,857.39,29.57,1.44
801713,装修建材,2026-08-04,4361.98,3.7,-0.44,2.9,34.07,1.7,14.48,0.2,1189.19,33.98,2.72
801104,软件开发,2026-08-05,6102.98,34.31,2.52,7.19,91.08,4.5,32.31,3.56,9541.49,73.4,0.46
801114,厨卫电器,2026-08-05,7810.56,0.72,0.36,3.3,20.93,1.49,10.59,0.04,202.06,22.45,3.57
801113,小家电,2026-08-05,4056.05,0.93,-0.21,2.5,23.48,2.45,25.0,0.08,678.91,33.95,1.54
801112,黑色家电,2026-08-05,1934.34,2.73,0.71,3.55,29.49,2.09,19.42,0.11,785.79,87.31,1.09
801111,白色家电,2026-08-05,19546.36,2.0,0.08,1.26,11.76,2.13,20.33,0.27,6704.4,609.49,5.03
801103,IT服务Ⅱ,2026-08-05,5001.79,48.67,2.95,8.24,118.56,3.51,23.01,3.54,8149.35,66.8,0.28
801086,电子化学品Ⅱ,2026-08-05,11362.9,11.45,7.86,11.06,96.33,6.29,55.9,2.02,4044.52,115.56,0.35
801101,计算机设备,2026-08-05,2994.97,15.29,2.1,5.38,40.54,3.74,27.28,1.8,6709.14,81.82,1.24
801096,商用车,2026-08-05,7140.1,3.84,1.09,2.98,23.42,2.58,11.74,0.21,1360.31,104.64,2.85
801095,乘用车,2026-08-05,14714.87,4.53,-0.36,2.59,25.89,1.69,24.91,0.43,3699.69,462.46,0.7
801093,汽车零部件,2026-08-05,7226.85,32.53,2.41,4.06,25.17,2.32,21.87,2.1,11618.68,48.01,1.31
801092,汽车服务,2026-08-05,450.22,1.51,0.96,3.54,41.31,1.74,6.76,0.05,235.66,26.18,0.73
801102,通信设备,2026-08-05,9321.22,31.46,-1.98,9.58,67.86,9.46,72.02,11.14,24111.08,283.66,0.31
801115,照明设备Ⅱ,2026-08-05,4243.64,1.28,2.61,3.27,51.56,1.9,22.27,0.06,256.37,21.36,1.54
801145,文娱用品,2026-08-05,1646.9,1.86,1.72,6.1,40.38,2.87,16.68,0.1,401.87,20.09,1.15
801117,其他家电Ⅱ,2026-08-05,528.65,0.18,-0.16,1.66,42.95,1.22,8.89,0.0,60.55,20.18,1.46
801124,食品加工,2026-08-05,12591.34,4.34,-0.29,5.09,25.18,2.02,15.02,0.14,965.4,38.62,3.21
801125,白酒Ⅱ,2026-08-05,36897.19,2.4,-1.53,2.88,19.8,3.67,104.69,0.68,9873.33,519.65,4.48
801126,非白酒,2026-08-05,3479.22,1.49,-0.52,2.88,23.76,2.51,14.56,0.1,700.57,43.79,2.62
801127,饮料乳品,2026-08-05,7036.7,4.26,-0.27,3.29,17.6,2.9,17.87,0.34,2559.31,98.44,4.03
801128,休闲食品,2026-08-05,1645.73,1.6,0.49,3.85,18.19,1.94,15.82,0.09,504.92,22.95,2.63
801129,调味发酵品Ⅱ,2026-08-05,6931.37,4.99,-0.65,6.56,27.82,3.43,16.45,0.28,1291.62,92.26,2.53
801131,纺织制造,2026-08-05,1723.82,4.09,1.25,4.18,22.71,1.61,12.82,0.18,750.03,23.44,2.54
801132,服装家纺,2026-08-05,1443.94,6.48,0.74,3.51,26.81,1.69,11.33,0.23,1255.07,21.27,2.76
801133,饰品,2026-08-05,1359.04,3.46,3.08,5.67,20.08,1.82,10.95,0.09,423.4,28.23,2.7
801141,包装印刷,2026-08-05,2691.86,6.82,1.95,4.29,36.45,2.2,11.21,0.26,1152.68,28.82,1.53
801142,家居用品,2026-08-05,1582.63,4.49,0.91,3.72,27.54,1.79,16.97,0.24,1405.87,19.26,2.25
801143,造纸,2026-08-05,2077.06,5.77,0.06,3.76,27.29,1.15,10.22,0.13,770.64,33.51,1.56
801085,消费电子,2026-08-05,10095.32,24.64,4.34,6.06,37.11,4.58,40.03,4.16,12954.99,142.36,0.81
801116,家电零部件Ⅱ,2026-08-05,6561.32,3.85,1.89,4.21,38.6,3.5,18.67,0.33,1620.73,55.89,0.93
801084,光学光电子,2026-08-05,1782.23,58.48,4.48,6.4,59.14,2.41,29.73,2.58,7691.67,82.71,0.65
801043,冶钢原料,2026-08-05,3216.26,2.57,1.06,2.72,44.59,1.79,10.35,0.08,609.28,67.7,1.56
801082,其他电子Ⅱ,2026-08-05,15716.49,6.66,4.25,7.43,55.09,5.26,36.4,0.85,2147.1,65.06,0.35
801151,化学制药,2026-08-05,11635.97,27.91,0.87,4.7,39.76,3.04,22.69,1.84,9890.73,66.38,0.99
801011,林业Ⅱ,2026-08-05,1636.6,1.9,2.11,9.95,5100.46,5.69,10.67,0.06,132.49,33.12,0.02
801012,农产品加工,2026-08-05,2123.59,2.3,0.72,2.63,39.08,1.93,12.49,0.11,737.82,32.08,1.84
801014,饲料,2026-08-05,3546.36,2.53,-0.2,2.12,46.66,2.01,13.41,0.12,985.88,54.77,1.27
801015,渔业,2026-08-05,672.21,0.86,-0.6,3.13,140.63,2.3,4.94,0.01,97.52,16.25,0.2
801016,种植业,2026-08-05,2240.26,4.52,-0.18,4.25,36.12,2.12,7.46,0.12,699.49,34.97,1.24
801017,养殖业,2026-08-05,2598.39,4.5,0.99,1.92,35.11,2.33,11.68,0.24,2470.27,112.29,2.77
801018,动物保健Ⅱ,2026-08-05,4446.85,0.66,-0.08,2.26,43.51,2.0,13.25,0.04,324.68,36.08,1.4
801019,农业综合Ⅱ,2026-08-05,1164.31,0.2,0.22,1.86,37.36,1.29,4.44,0.0,47.78,23.89,2.05
801032,化学纤维,2026-08-05,4509.88,5.15,2.83,4.02,39.61,1.74,12.62,0.19,1018.46,39.17,0.9
801033,化学原料,2026-08-05,3248.23,14.48,1.26,3.98,30.08,1.72,11.26,0.69,3420.56,60.01,1.61
801034,化学制品,2026-08-05,6485.6,23.51,2.05,4.87,27.72,2.22,19.78,1.91,8285.88,48.46,1.51
801036,塑料,2026-08-05,4644.8,13.18,4.1,6.67,60.55,3.2,26.66,1.08,3214.66,44.65,0.6
801037,橡胶,2026-08-05,4467.62,1.87,3.99,4.04,55.13,2.47,17.85,0.12,504.64,29.68,0.72
801038,农化制品,2026-08-05,5216.54,12.41,2.36,3.45,20.52,2.19,15.74,0.72,4873.19,82.6,1.63
801039,非金属材料Ⅱ,2026-08-05,5717.18,0.84,7.48,6.16,52.43,3.19,41.54,0.19,482.82,60.35,0.51
801044,普钢,2026-08-05,2102.53,14.59,0.08,2.49,37.11,0.79,3.09,0.2,1553.57,70.62,1.63
801045,特钢Ⅱ,2026-08-05,3894.27,2.58,0.22,2.23,17.31,1.24,10.75,0.08,722.78,60.23,3.07
801051,金属新材料,2026-08-05,9053.82,5.46,3.98,6.2,64.28,3.89,36.41,0.52,1718.37,53.7,0.61
801053,贵金属,2026-08-05,25330.62,8.59,7.72,7.34,23.18,4.02,26.93,0.89,2802.73,254.79,0.79
801054,小金属,2026-08-05,36103.99,11.7,6.43,8.99,50.3,5.04,38.32,1.87,4891.23,181.16,0.61
801055,工业金属,2026-08-05,3456.89,45.81,5.03,5.13,16.45,2.9,15.81,3.13,14484.77,245.5,1.67
801056,能源金属,2026-08-05,16937.04,3.49,3.54,5.98,25.33,2.24,51.68,0.66,2674.11,243.1,0.45
801072,通用设备,2026-08-05,7707.84,41.25,4.63,7.69,64.21,3.78,41.24,3.4,9408.36,43.36,0.57
801074,专用设备,2026-08-05,11480.79,24.56,3.06,4.65,42.39,3.09,25.92,2.06,7581.62,41.89,0.9
801076,轨交设备Ⅱ,2026-08-05,5608.81,4.46,-0.18,2.26,18.41,1.2,15.06,0.16,1328.95,44.3,3.33
801077,工程机械,2026-08-05,22237.3,6.3,0.16,2.33,19.55,1.96,24.7,0.33,3707.04,132.39,2.18
801078,自动化设备,2026-08-05,20257.58,11.17,3.75,5.93,77.84,5.75,51.1,2.4,7464.16,94.48,0.36
801081,半导体,2026-08-05,9724.43,50.61,5.8,8.87,118.13,9.13,125.62,18.67,51073.47,286.93,0.14
801083,元件,2026-08-05,21171.12,25.74,6.57,11.48,75.08,9.31,64.2,6.54,14979.62,249.66,0.5
801152,生物制品,2026-08-05,5402.15,5.42,0.77,2.75,42.87,2.15,28.81,0.5,3219.4,63.13,1.09
801153,医疗器械,2026-08-05,5726.09,8.63,0.69,3.49,37.01,2.4,30.58,0.95,5940.01,46.05,1.28
801784,城商行Ⅱ,2026-08-05,1038.27,9.1,-0.31,1.37,5.84,0.52,9.64,0.33,6103.53,359.03,4.69
801738,电网设备,2026-08-05,5615.01,38.49,1.03,7.12,32.0,2.86,19.9,2.41,8827.0,70.06,1.15
801741,航天装备Ⅱ,2026-08-05,25341.62,1.93,1.82,4.61,373.62,4.65,38.46,0.27,1125.47,125.05,0.1
801742,航空装备Ⅱ,2026-08-05,8252.39,5.32,0.8,2.97,64.31,3.07,29.41,0.62,4372.33,97.16,0.55
801743,地面兵装Ⅱ,2026-08-05,15019.79,2.22,0.97,4.73,110.95,2.9,24.41,0.18,640.31,53.36,0.37
801744,航海装备Ⅱ,2026-08-05,3198.46,2.55,2.82,2.88,27.18,2.18,33.21,0.31,2555.41,255.54,0.71
801745,军工电子Ⅱ,2026-08-05,5964.94,9.07,3.15,4.85,91.79,4.28,38.07,1.16,4771.76,78.23,0.33
801764,游戏Ⅱ,2026-08-05,2968.87,12.72,0.34,4.88,25.42,3.36,28.95,0.88,3425.25,131.74,1.26
801765,广告营销,2026-08-05,2736.14,27.42,0.84,10.75,62.8,4.43,11.68,1.34,2135.89,76.28,2.68
801766,影视院线,2026-08-05,1084.26,9.97,-0.08,7.61,253.06,2.7,9.09,0.3,922.07,48.53,0.28
801767,数字媒体,2026-08-05,1663.87,3.63,0.63,10.47,68.47,2.77,20.5,0.28,583.88,41.71,0.51
801769,出版,2026-08-05,1470.43,5.46,0.64,5.12,23.53,1.56,11.31,0.34,860.49,29.67,2.0
801782,国有大型银行Ⅱ,2026-08-05,1896.01,20.67,-1.67,1.95,7.21,0.6,6.93,0.64,7224.7,1204.12,4.12
801783,股份制银行Ⅱ,2026-08-05,4179.11,13.72,-1.23,1.42,5.56,0.44,11.3,0.52,9859.54,1095.5,5.3
801785,农商行Ⅱ,2026-08-05,767.91,4.16,-1.3,1.54,5.73,0.53,5.01,0.09,1441.8,144.18,4.7
801737,电池,2026-08-05,23846.02,20.46,2.8,4.72,28.35,3.46,37.24,2.88,20561.76,211.98,1.16
801881,摩托车及其他,2026-08-05,3455.56,1.14,0.69,2.52,26.74,3.3,51.5,0.09,873.34,58.22,2.04
801952,焦炭Ⅱ,2026-08-05,1122.42,1.96,-0.91,2.6,561.95,1.21,3.22,0.03,244.82,34.97,0.46
801961,油气开采Ⅱ,2026-08-05,2487.05,2.69,-1.67,2.49,15.15,1.53,11.07,0.12,966.06,241.51,2.4
801962,油服工程,2026-08-05,2331.9,5.22,-1.15,4.61,25.21,1.57,10.26,0.21,634.12,48.78,1.65
801963,炼化及贸易,2026-08-05,2955.62,11.15,0.05,2.49,20.05,1.26,10.2,0.43,3663.76,122.13,2.13
801971,环境治理,2026-08-05,1862.85,13.58,1.21,3.26,23.52,1.44,13.44,0.55,3044.53,29.27,1.38
801972,环保设备Ⅱ,2026-08-05,2111.93,6.4,2.7,9.68,39.14,2.3,17.22,0.3,806.78,31.03,1.03
801981,个护用品,2026-08-05,1244.37,0.57,-0.02,2.98,27.71,1.9,19.01,0.03,249.57,20.8,2.0
801982,化妆品,2026-08-05,5879.23,1.22,0.0,4.55,29.02,2.51,21.63,0.1,419.93,32.3,1.51
801983,医疗美容,2026-08-05,1109.94,0.18,0.34,1.75,39.2,3.42,49.17,0.04,236.53,78.84,1.28
801991,航空机场,2026-08-05,2402.86,7.63,0.85,1.95,25.22,2.21,12.43,0.16,1698.01,141.5,1.09
801992,航运港口,2026-08-05,3405.18,13.34,1.89,3.14,14.42,1.31,7.97,0.49,2879.02,84.68,3.28
801993,旅游及景区,2026-08-05,1898.44,2.27,-0.16,2.62,44.25,2.41,14.19,0.09,635.77,25.43,1.29
801994,教育,2026-08-05,1840.45,11.73,3.46,10.57,101.4,4.53,13.88,0.26,536.58,31.56,0.44
801154,医药商业,2026-08-05,4513.79,5.04,-0.83,4.14,17.81,1.19,12.82,0.19,1141.07,35.66,2.31
801951,煤炭开采,2026-08-05,3553.13,7.64,0.16,2.73,18.98,1.44,11.31,0.37,3844.87,147.88,2.67
801736,风电设备,2026-08-05,2207.85,6.36,1.95,4.17,33.31,1.63,24.62,0.45,1937.31,64.58,0.66
801995,电视广播Ⅱ,2026-08-05,1026.15,4.75,-0.19,4.14,65.45,1.13,9.95,0.12,657.82,46.99,1.27
801733,其他电源设备Ⅱ,2026-08-05,37903.77,8.11,3.62,4.96,60.14,3.25,38.36,0.86,2903.82,90.74,0.7
801735,光伏设备,2026-08-05,5407.18,15.6,1.72,3.66,44.54,2.66,29.43,1.31,7446.7,112.83,0.78
801156,医疗服务,2026-08-05,7870.65,11.87,2.41,4.98,31.65,3.86,34.49,1.88,6281.46,123.17,0.94
801161,电力,2026-08-05,3296.85,67.94,-0.66,4.35,21.17,1.57,8.37,2.29,11056.32,101.43,2.49
801163,燃气Ⅱ,2026-08-05,3117.4,4.17,0.78,3.82,23.57,1.85,12.03,0.2,974.01,34.79,2.07
801178,物流,2026-08-05,4180.38,5.37,-0.03,2.16,16.67,1.11,11.06,0.22,2496.12,53.11,2.64
801179,铁路公路,2026-08-05,1506.5,7.87,-0.84,2.02,17.02,0.87,8.04,0.2,2052.0,62.18,2.82
801181,房地产开发,2026-08-05,2157.92,30.96,1.62,3.27,18.92,0.75,5.59,0.68,3783.1,45.58,0.89
801183,房地产服务,2026-08-05,741.92,2.39,0.66,3.24,47.68,1.42,6.51,0.04,231.53,19.29,1.25
801191,多元金融,2026-08-05,1150.28,5.81,0.52,2.34,20.69,1.22,8.86,0.18,1499.23,62.47,1.39
801193,证券Ⅱ,2026-08-05,6296.46,25.45,0.69,1.87,15.59,1.2,10.88,1.37,15814.62,316.29,1.99
801194,保险Ⅱ,2026-08-05,1198.71,2.56,0.41,1.52,6.96,1.02,38.92,0.42,7179.67,1435.93,4.55
801202,贸易Ⅱ,2026-08-05,4220.09,1.65,0.97,2.71,22.61,1.32,7.43,0.05,409.77,34.15,1.77
801203,一般零售,2026-08-05,2738.45,15.54,0.2,3.62,38.84,1.47,10.86,0.4,2152.38,35.87,1.25
801204,专业连锁Ⅱ,2026-08-05,3668.4,0.92,0.22,3.19,59.86,2.74,10.72,0.04,265.69,37.96,1.44
801206,互联网电商,2026-08-05,10103.26,3.55,1.45,3.76,33.65,2.43,16.11,0.18,615.05,34.17,0.91
801155,中药Ⅱ,2026-08-05,5713.47,12.73,-1.01,3.3,23.74,1.97,16.38,0.59,3920.85,59.41,3.0
801216,体育Ⅱ,2026-08-05,1471.55,0.4,0.74,4.93,,3.09,9.42,0.01,63.98,31.99,
801207,旅游零售Ⅱ,2026-08-05,6605.04,0.56,-0.73,3.34,31.08,2.14,30.61,0.1,551.02,275.51,1.16
801726,工程咨询服务Ⅱ,2026-08-05,2142.55,7.62,2.91,9.83,46.56,1.92,16.83,0.56,956.72,23.92,0.8
801724,专业工程,2026-08-05,1756.38,7.42,1.86,3.08,20.55,1.06,19.49,0.37,1605.54,43.39,1.72
801723,基础建设,2026-08-05,2098.03,13.6,-0.2,2.42,9.49,0.49,7.78,0.31,2467.18,61.68,2.77
801722,装修装饰Ⅱ,2026-08-05,3920.7,4.03,1.47,4.11,68.66,2.39,10.81,0.14,491.72,22.35,0.91
801721,房屋建设Ⅱ,2026-08-05,2800.3,4.8,-1.04,2.64,7.51,0.44,8.15,0.09,736.78,92.1,3.86
801713,装修建材,2026-08-05,4397.13,3.9,0.81,3.06,34.35,1.71,14.81,0.17,1198.77,34.25,2.7
801731,电机Ⅱ,2026-08-05,13026.14,4.46,1.99,5.94,50.18,3.3,29.33,0.43,1254.01,48.23,0.73
801711,水泥,2026-08-05,3940.72,2.85,0.2,2.13,20.77,0.65,7.55,0.1,985.71,46.94,2.98
801231,综合Ⅱ,2026-08-05,4176.29,3.96,0.78,3.35,91.63,2.72,7.76,0.17,967.52,48.38,0.26
801223,通信服务,2026-08-05,2194.61,15.08,0.46,3.88,26.81,1.77,20.65,1.01,3819.37,103.23,2.22
801219,酒店餐饮,2026-08-05,1486.74,1.7,0.22,5.69,27.0,1.57,10.04,0.06,254.59,28.29,2.01
801218,专业服务,2026-08-05,5526.78,2.99,1.94,4.49,27.26,2.31,20.65,0.2,874.04,30.14,1.41
801712,玻璃玻纤,2026-08-05,19294.51,11.04,7.9,10.29,54.79,3.33,22.33,1.35,1985.62,124.1,0.71
801114,厨卫电器,2026-08-06,7758.66,0.65,-0.66,2.96,20.79,1.48,10.6,0.04,200.72,22.3,3.59
801113,小家电,2026-08-06,4011.59,1.08,-1.1,2.92,23.22,2.43,24.86,0.09,671.47,33.57,1.56
801112,黑色家电,2026-08-06,1913.79,2.37,-1.06,3.08,29.16,2.06,19.41,0.11,777.44,86.38,1.1
801111,白色家电,2026-08-06,19499.05,1.66,-0.24,1.04,11.73,2.12,20.29,0.22,6688.17,608.02,5.04
801092,汽车服务,2026-08-06,442.46,1.39,-1.72,3.27,40.59,1.71,6.65,0.05,231.59,25.73,0.74
801104,软件开发,2026-08-06,6071.38,32.45,-0.52,6.8,90.57,4.48,32.23,3.36,9492.08,73.02,0.46
801101,计算机设备,2026-08-06,2989.25,15.78,-0.19,5.55,40.46,3.73,27.49,1.76,6696.32,81.66,1.24
801102,通信设备,2026-08-06,9459.89,29.68,1.49,9.03,68.83,9.59,73.8,9.11,24469.77,287.88,0.3
801096,商用车,2026-08-06,7003.04,4.43,-1.92,3.44,22.97,2.53,11.55,0.23,1334.2,102.63,2.91
801095,乘用车,2026-08-06,14427.02,5.03,-1.96,2.88,25.39,1.66,24.39,0.39,3627.32,453.42,0.72
801093,汽车零部件,2026-08-06,7184.29,37.82,-0.59,4.73,24.99,2.3,21.88,2.18,11550.25,47.73,1.32
801115,照明设备Ⅱ,2026-08-06,4317.79,1.17,1.75,2.99,51.97,1.91,23.05,0.07,260.85,21.74,1.52
801103,IT服务Ⅱ,2026-08-06,4977.35,40.43,-0.49,6.84,118.0,3.5,23.01,3.2,8109.53,66.47,0.28
801116,家电零部件Ⅱ,2026-08-06,6505.67,3.43,-0.85,3.74,38.24,3.47,18.81,0.3,1606.99,55.41,0.94
801131,纺织制造,2026-08-06,1739.78,3.89,0.93,3.98,22.93,1.63,12.98,0.2,756.97,23.66,2.52
801124,食品加工,2026-08-06,12572.25,4.26,-0.15,4.99,25.14,2.02,15.04,0.14,963.94,38.56,3.18
801125,白酒Ⅱ,2026-08-06,36822.71,3.03,-0.2,3.64,19.76,3.66,104.64,0.62,9853.4,518.6,4.49
801126,非白酒,2026-08-06,3455.19,1.21,-0.69,2.34,23.6,2.49,14.44,0.08,695.73,43.48,2.63
801127,饮料乳品,2026-08-06,7010.55,3.56,-0.37,2.74,17.53,2.89,17.67,0.28,2549.8,98.07,4.05
801128,休闲食品,2026-08-06,1633.57,1.34,-0.74,3.23,18.05,1.93,15.68,0.07,501.2,22.78,2.65
801129,调味发酵品Ⅱ,2026-08-06,6868.29,3.95,-0.91,5.08,28.17,3.5,16.3,0.23,1344.27,96.02,2.43
801132,服装家纺,2026-08-06,1456.64,6.76,0.88,3.66,27.05,1.71,11.42,0.25,1266.11,21.46,2.62
801133,饰品,2026-08-06,1374.95,3.41,1.17,5.59,20.32,1.84,11.0,0.12,428.36,28.56,2.67
801141,包装印刷,2026-08-06,2728.6,7.68,1.37,4.83,36.96,2.23,11.34,0.33,1168.42,29.21,1.51
801142,家居用品,2026-08-06,1589.38,4.47,0.43,3.71,27.66,1.8,17.09,0.25,1411.87,19.34,2.24
801143,造纸,2026-08-06,2058.94,4.57,-0.87,2.98,27.05,1.14,10.24,0.11,763.92,33.21,1.58
801145,文娱用品,2026-08-06,1636.72,1.55,-0.62,5.08,40.16,2.86,16.65,0.09,399.38,19.97,1.16
801151,化学制药,2026-08-06,11565.28,28.97,-0.61,4.88,39.51,3.03,22.74,2.12,9832.19,65.99,1.0
801086,电子化学品Ⅱ,2026-08-06,11900.34,13.35,4.73,12.89,100.85,6.58,58.27,2.5,4235.82,121.02,0.34
801117,其他家电Ⅱ,2026-08-06,525.33,0.22,-0.63,1.94,42.68,1.21,8.88,0.01,60.17,20.06,1.47
801152,生物制品,2026-08-06,5314.17,5.32,-1.63,2.7,42.15,2.11,28.46,0.54,3166.98,62.1,1.1
801011,林业Ⅱ,2026-08-06,1649.67,1.89,0.8,9.89,5141.19,5.73,10.72,0.06,133.55,33.39,0.02
801084,光学光电子,2026-08-06,1801.33,49.23,1.07,5.39,59.76,2.44,30.53,2.48,7774.11,83.59,0.64
801012,农产品加工,2026-08-06,2146.14,3.45,1.06,3.95,39.5,1.95,12.73,0.16,745.66,32.42,1.82
801014,饲料,2026-08-06,3551.89,2.9,0.16,2.43,46.77,2.02,13.38,0.12,987.42,54.86,1.27
801015,渔业,2026-08-06,679.76,1.03,1.12,3.72,142.21,2.33,5.01,0.02,98.62,16.44,0.19
801016,种植业,2026-08-06,2284.67,9.32,1.98,8.75,36.84,2.16,7.62,0.26,713.36,35.67,1.22
801017,养殖业,2026-08-06,2594.05,4.35,-0.17,1.86,35.05,2.32,11.73,0.2,2466.15,112.1,2.78
801018,动物保健Ⅱ,2026-08-06,4437.3,0.62,-0.21,2.14,43.27,1.99,13.26,0.03,322.86,35.87,1.41
801019,农业综合Ⅱ,2026-08-06,1173.4,0.24,0.78,2.21,37.65,1.3,4.47,0.0,48.16,24.08,2.03
801032,化学纤维,2026-08-06,4556.64,4.48,1.04,3.5,40.03,1.75,12.74,0.19,1029.02,39.58,0.89
801033,化学原料,2026-08-06,3277.57,17.27,0.9,4.74,30.37,1.74,11.41,0.91,3453.1,60.58,1.6
801034,化学制品,2026-08-06,6591.52,24.82,1.63,5.14,28.19,2.26,20.12,2.17,8421.2,49.25,1.49
801036,塑料,2026-08-06,4719.45,13.01,1.61,6.58,61.53,3.25,27.07,1.16,3266.32,45.37,0.59
801037,橡胶,2026-08-06,4588.35,1.81,2.7,3.9,56.66,2.54,18.2,0.14,518.28,30.49,0.7
801038,农化制品,2026-08-06,5211.34,12.14,-0.1,3.38,20.5,2.19,15.73,0.74,4868.33,82.51,1.63
801039,非金属材料Ⅱ,2026-08-06,5899.68,1.06,3.19,7.81,54.13,3.3,43.33,0.24,498.23,62.28,0.49
801085,消费电子,2026-08-06,10195.29,23.17,0.99,5.7,37.49,4.63,40.53,4.19,13082.96,143.77,0.8
801043,冶钢原料,2026-08-06,3185.88,2.65,-0.94,2.8,44.17,1.77,10.26,0.1,603.52,67.06,1.57
801045,特钢Ⅱ,2026-08-06,3879.02,2.79,-0.39,2.41,17.24,1.24,10.76,0.09,719.95,60.0,3.08
801051,金属新材料,2026-08-06,9185.25,5.61,1.45,6.37,65.28,3.95,37.29,0.59,1743.31,54.48,0.6
801053,贵金属,2026-08-06,26035.49,11.68,2.78,9.97,23.83,4.13,27.78,1.31,2880.72,261.88,0.77
801054,小金属,2026-08-06,37232.87,15.25,3.13,11.74,51.85,5.19,39.41,2.88,5033.01,186.41,0.66
801055,工业金属,2026-08-06,3457.59,48.2,0.02,5.39,16.45,2.9,15.83,3.54,14487.7,245.55,1.67
801056,能源金属,2026-08-06,16849.18,3.61,-0.52,6.19,25.2,2.23,51.94,0.77,2660.24,241.84,0.46
801072,通用设备,2026-08-06,7797.23,37.98,1.16,7.08,64.94,3.82,41.94,3.34,9532.76,43.73,0.57
801074,专用设备,2026-08-06,11600.54,21.95,1.04,4.16,42.95,3.12,26.51,2.02,7662.26,42.33,0.89
801076,轨交设备Ⅱ,2026-08-06,5599.72,4.24,-0.16,2.15,18.39,1.2,15.16,0.16,1326.89,44.23,3.33
801077,工程机械,2026-08-06,22223.85,5.24,-0.06,1.94,19.54,1.96,24.69,0.3,3704.8,132.31,2.19
801078,自动化设备,2026-08-06,20346.11,10.31,0.44,5.48,78.08,5.77,51.77,2.24,7496.78,94.9,0.36
801081,半导体,2026-08-06,9862.4,48.36,1.42,8.47,119.81,9.26,128.07,17.57,51797.26,291.0,0.14
801082,其他电子Ⅱ,2026-08-06,15926.25,6.15,1.33,6.85,55.9,5.34,37.21,0.86,2175.76,65.93,0.34
801083,元件,2026-08-06,21663.99,25.71,2.33,11.46,76.82,9.53,66.09,6.41,15328.35,255.47,0.48
801044,普钢,2026-08-06,2083.99,16.25,-0.88,2.78,36.78,0.78,3.06,0.23,1539.87,69.99,1.64
801153,医疗器械,2026-08-06,5671.97,8.27,-0.95,3.34,36.63,2.37,30.46,0.99,5887.09,45.64,1.29
801735,光伏设备,2026-08-06,5355.8,16.12,-0.95,3.78,44.12,2.64,29.52,1.35,7375.94,111.76,0.79
801155,中药Ⅱ,2026-08-06,5684.94,12.52,-0.5,3.24,23.61,1.96,16.42,0.6,3901.27,59.11,3.04
801742,航空装备Ⅱ,2026-08-06,8245.02,5.78,-0.09,3.22,64.25,3.07,29.35,0.7,4368.42,97.08,0.55
801743,地面兵装Ⅱ,2026-08-06,14856.46,2.32,-1.09,4.94,109.78,2.87,24.09,0.2,633.35,52.78,0.38
801744,航海装备Ⅱ,2026-08-06,3194.67,2.37,-0.12,2.69,27.15,2.18,33.87,0.32,2552.38,255.24,0.71
801745,军工电子Ⅱ,2026-08-06,6011.02,9.37,0.77,5.01,92.53,4.31,38.33,1.14,4808.62,78.83,0.33
801764,游戏Ⅱ,2026-08-06,2912.78,14.05,-1.89,5.39,24.94,3.29,28.44,0.87,3360.53,129.25,1.29
801765,广告营销,2026-08-06,2683.07,24.01,-1.94,9.41,61.55,4.34,11.58,1.19,2094.46,74.8,2.73
801766,影视院线,2026-08-06,1067.24,10.03,-1.57,7.66,249.09,2.65,9.0,0.33,907.6,47.77,0.28
801767,数字媒体,2026-08-06,1643.55,2.66,-1.22,7.67,67.59,2.73,20.34,0.22,576.75,41.2,0.52
801769,出版,2026-08-06,1441.68,5.08,-1.96,4.76,23.05,1.53,11.17,0.3,843.67,29.09,2.06
801782,国有大型银行Ⅱ,2026-08-06,1907.9,19.09,0.63,1.8,7.26,0.6,6.98,0.62,7270.0,1211.67,4.1
801783,股份制银行Ⅱ,2026-08-06,4187.82,10.83,0.21,1.12,5.57,0.44,11.32,0.44,9880.09,1097.79,5.29
801784,城商行Ⅱ,2026-08-06,1042.33,8.19,0.39,1.23,5.86,0.52,9.66,0.3,6127.43,360.44,4.68
801785,农商行Ⅱ,2026-08-06,765.69,4.17,-0.29,1.54,5.71,0.53,4.99,0.09,1437.63,143.76,4.71
801881,摩托车及其他,2026-08-06,3412.04,1.31,-1.26,2.89,26.31,3.24,51.54,0.13,862.35,57.49,2.03
801951,煤炭开采,2026-08-06,3715.09,15.99,4.56,5.7,19.84,1.5,11.94,0.78,4020.12,154.62,2.59
801952,焦炭Ⅱ,2026-08-06,1147.95,4.3,2.27,5.72,574.73,1.24,3.32,0.07,250.39,35.77,0.47
801961,油气开采Ⅱ,2026-08-06,2509.3,1.91,0.89,1.77,15.29,1.54,11.15,0.08,974.7,243.67,2.38
801962,油服工程,2026-08-06,2361.74,5.24,1.28,4.62,25.53,1.59,10.48,0.23,642.23,49.4,1.63
801963,炼化及贸易,2026-08-06,3014.15,11.54,1.98,2.57,20.44,1.28,10.36,0.47,3736.36,124.55,2.09
801971,环境治理,2026-08-06,1848.49,13.59,-0.77,3.26,23.32,1.43,13.39,0.63,3021.06,29.05,1.4
801972,环保设备Ⅱ,2026-08-06,2117.71,5.18,0.27,7.79,39.23,2.3,17.2,0.27,808.99,31.12,1.05
801981,个护用品,2026-08-06,1238.54,0.57,-0.47,2.94,27.51,1.88,19.02,0.04,248.4,20.7,2.01
801982,化妆品,2026-08-06,5831.0,1.18,-0.82,4.41,28.78,2.49,21.56,0.1,416.54,32.04,1.53
801983,医疗美容,2026-08-06,1089.53,0.23,-1.84,2.26,38.48,3.36,48.02,0.04,232.18,77.39,1.3
801991,航空机场,2026-08-06,2378.92,6.42,-1.0,1.64,24.97,2.18,12.32,0.13,1681.09,140.09,1.1
801992,航运港口,2026-08-06,3379.26,11.99,-0.76,2.82,14.31,1.3,7.92,0.42,2857.11,84.03,3.3
801993,旅游及景区,2026-08-06,1892.95,1.98,-0.29,2.28,44.12,2.4,14.18,0.08,633.93,25.36,1.29
801994,教育,2026-08-06,1793.38,10.21,-2.56,9.2,98.81,4.41,13.59,0.25,522.86,30.76,0.45
801154,医药商业,2026-08-06,4526.31,5.74,0.28,4.71,17.86,1.19,13.03,0.29,1144.23,35.76,2.3
801741,航天装备Ⅱ,2026-08-06,25771.43,2.15,1.7,5.12,379.96,4.73,39.03,0.32,1144.56,127.17,0.1
801738,电网设备,2026-08-06,5553.58,32.96,-1.09,6.1,31.65,2.82,19.8,2.14,8730.42,69.29,1.16
801995,电视广播Ⅱ,2026-08-06,1008.01,3.99,-1.77,3.48,64.31,1.11,9.77,0.11,646.19,46.16,1.3
801736,风电设备,2026-08-06,2209.28,6.73,0.06,4.41,33.28,1.63,24.64,0.49,1938.56,64.62,0.66
801737,电池,2026-08-06,23191.64,20.56,-2.74,4.74,27.51,3.36,36.9,3.26,19996.59,206.15,1.19
801156,医疗服务,2026-08-06,7697.66,11.07,-2.2,4.64,30.93,3.77,34.15,1.5,6143.4,120.46,0.96
801161,电力,2026-08-06,3274.32,62.98,-0.68,4.04,21.03,1.56,8.29,2.04,10980.73,100.74,2.5
801163,燃气Ⅱ,2026-08-06,3148.32,4.19,0.99,3.85,23.76,1.87,12.22,0.21,981.73,35.06,2.06
801178,物流,2026-08-06,4161.96,5.7,-0.44,2.3,16.6,1.1,11.17,0.24,2486.58,52.91,2.65
801179,铁路公路,2026-08-06,1506.98,8.97,0.03,2.3,17.02,0.87,8.01,0.23,2052.66,62.2,2.68
801181,房地产开发,2026-08-06,2172.17,32.02,0.66,3.39,19.04,0.76,5.63,0.67,3808.09,45.88,0.88
801183,房地产服务,2026-08-06,741.98,2.63,0.01,3.56,47.69,1.42,6.53,0.04,231.55,19.3,1.25
801191,多元金融,2026-08-06,1142.5,7.16,-0.68,2.89,20.55,1.21,8.8,0.25,1489.09,62.05,1.4
801194,保险Ⅱ,2026-08-06,1187.81,2.23,-0.91,1.32,6.9,1.02,38.57,0.35,7114.38,1422.88,4.59
801202,贸易Ⅱ,2026-08-06,4205.4,1.63,-0.35,2.68,22.53,1.32,7.45,0.06,408.35,34.03,1.78
801203,一般零售,2026-08-06,2718.37,14.96,-0.73,3.49,38.56,1.46,10.82,0.4,2136.6,35.61,1.26
801204,专业连锁Ⅱ,2026-08-06,3631.09,0.87,-1.02,3.03,59.46,2.72,10.65,0.04,262.99,37.57,1.45
801206,互联网电商,2026-08-06,10123.6,3.22,0.2,3.42,33.77,2.44,16.2,0.17,616.28,34.24,0.91
801207,旅游零售Ⅱ,2026-08-06,6506.99,0.55,-1.48,3.27,30.61,2.11,30.15,0.09,542.84,271.42,1.18
801193,证券Ⅱ,2026-08-06,6221.14,23.38,-1.2,1.72,15.4,1.19,10.75,1.25,15625.44,312.51,2.01
801218,专业服务,2026-08-06,5556.21,3.53,0.53,5.3,27.28,2.31,20.97,0.23,878.69,30.3,1.41
801733,其他电源设备Ⅱ,2026-08-06,38063.06,6.72,0.42,4.11,60.4,3.27,38.9,0.77,2917.1,91.16,0.69
801216,体育Ⅱ,2026-08-06,1448.53,0.39,-1.56,4.75,,3.04,9.29,0.01,62.98,31.49,
801726,工程咨询服务Ⅱ,2026-08-06,2177.82,7.65,1.65,9.87,47.35,1.96,17.05,0.6,972.47,24.31,0.79
801724,专业工程,2026-08-06,1757.5,7.68,0.06,3.19,20.56,1.06,19.71,0.39,1606.57,43.42,1.72
801723,基础建设,2026-08-06,2086.9,13.57,-0.53,2.42,9.44,0.49,7.79,0.3,2454.1,61.35,2.79
801722,装修装饰Ⅱ,2026-08-06,3951.51,4.21,0.79,4.29,69.2,2.41,10.94,0.15,495.59,22.53,0.91
801721,房屋建设Ⅱ,2026-08-06,2787.31,4.38,-0.46,2.41,7.47,0.44,8.08,0.09,733.36,91.67,3.88
801731,电机Ⅱ,2026-08-06,12918.52,3.69,-0.83,4.91,49.74,3.27,29.35,0.36,1243.65,47.83,0.74
801712,玻璃玻纤,2026-08-06,20036.53,11.79,3.85,10.99,56.96,3.46,23.41,1.62,2061.98,128.87,0.69
801219,酒店餐饮,2026-08-06,1478.77,1.32,-0.54,4.42,26.85,1.57,10.01,0.05,253.23,28.14,2.02
801711,水泥,2026-08-06,4026.53,3.67,2.18,2.74,21.22,0.66,7.74,0.14,1007.17,47.96,2.92
801231,综合Ⅱ,2026-08-06,4145.25,3.57,-0.74,3.02,90.95,2.7,7.74,0.15,960.32,48.02,0.27
801223,通信服务,2026-08-06,2196.44,15.72,0.08,4.04,26.85,1.77,20.66,0.88,3822.55,103.31,2.22
801713,装修建材,2026-08-06,4393.4,3.91,-0.08,3.06,34.32,1.71,15.03,0.18,1197.83,34.22,2.7
801114,厨卫电器,2026-08-07,7717.14,0.67,-0.54,3.03,20.68,1.47,10.58,0.03,199.65,22.18,3.61
801113,小家电,2026-08-07,4009.22,1.08,-0.06,2.92,23.23,2.43,24.93,0.1,671.38,33.57,1.56
801112,黑色家电,2026-08-07,1888.39,2.26,-1.33,2.94,28.78,2.04,19.25,0.1,767.12,85.24,2.22
801111,白色家电,2026-08-07,19204.46,1.8,-1.51,1.13,11.56,2.09,20.03,0.28,6587.12,598.83,5.12
801104,软件开发,2026-08-07,6013.26,32.44,-0.96,6.8,89.66,4.43,32.05,3.03,9402.66,72.33,0.46
801102,通信设备,2026-08-07,9489.55,31.01,0.31,9.44,69.03,9.62,74.99,9.94,24532.11,288.61,0.3
801101,计算机设备,2026-08-07,2986.43,15.1,-0.09,5.31,40.41,3.73,27.48,1.67,6690.01,81.59,1.24
801096,商用车,2026-08-07,6938.34,3.51,-0.92,2.72,22.76,2.51,11.43,0.18,1321.87,101.68,2.94
801095,乘用车,2026-08-07,14419.77,4.12,-0.05,2.36,25.38,1.65,24.35,0.34,3625.5,453.19,0.92
801093,汽车零部件,2026-08-07,7226.51,31.51,0.59,3.94,25.14,2.32,22.0,1.97,11618.14,48.01,1.31
801115,照明设备Ⅱ,2026-08-07,4369.19,1.1,1.19,2.79,51.97,1.91,23.84,0.07,263.96,22.0,1.5
801103,IT服务Ⅱ,2026-08-07,4946.93,37.19,-0.61,6.29,117.22,3.47,22.89,2.75,8059.97,66.07,0.29
801116,家电零部件Ⅱ,2026-08-07,6593.31,3.69,1.35,4.03,38.66,3.51,19.3,0.28,1628.63,56.16,0.92
801151,化学制药,2026-08-07,12167.7,39.53,5.21,6.66,41.59,3.18,23.99,3.0,10338.98,69.39,0.95
801124,食品加工,2026-08-07,12491.82,3.86,-0.64,4.53,24.98,2.0,15.15,0.15,957.77,38.31,3.2
801125,白酒Ⅱ,2026-08-07,36945.35,2.77,0.33,3.32,19.83,3.68,104.95,0.57,9886.21,520.33,4.47
801126,非白酒,2026-08-07,3448.0,1.27,-0.21,2.44,23.55,2.49,14.41,0.08,694.29,43.39,2.64
801127,饮料乳品,2026-08-07,7037.67,3.54,0.39,2.73,17.6,2.9,17.87,0.27,2559.67,98.45,4.03
801128,休闲食品,2026-08-07,1627.59,1.41,-0.37,3.4,17.99,1.92,15.63,0.08,499.36,22.7,2.66
801129,调味发酵品Ⅱ,2026-08-07,6871.03,3.86,0.04,4.97,28.18,3.5,16.29,0.21,1344.81,96.06,2.43
801131,纺织制造,2026-08-07,1724.87,3.77,-0.86,3.85,22.74,1.62,12.94,0.18,750.49,23.45,2.47
801132,服装家纺,2026-08-07,1456.72,6.28,0.01,3.41,27.06,1.71,11.44,0.23,1266.54,21.47,2.61
801133,饰品,2026-08-07,1374.69,7.38,-0.02,12.08,20.32,1.84,10.94,0.15,428.27,28.55,2.67
801141,包装印刷,2026-08-07,2726.33,6.65,-0.08,4.19,36.93,2.23,11.38,0.26,1167.44,29.19,1.51
801142,家居用品,2026-08-07,1587.06,4.88,-0.15,4.04,27.57,1.79,17.15,0.27,1409.81,19.31,2.24
801143,造纸,2026-08-07,2045.9,4.32,-0.63,2.82,26.87,1.14,10.29,0.11,759.08,33.0,1.59
801145,文娱用品,2026-08-07,1644.72,1.47,0.49,4.82,40.37,2.87,16.65,0.08,401.33,20.07,1.15
801092,汽车服务,2026-08-07,444.38,1.23,0.43,2.88,40.8,1.71,6.68,0.04,232.6,25.84,0.74
801117,其他家电Ⅱ,2026-08-07,527.0,0.24,0.32,2.19,42.81,1.21,8.97,0.01,60.36,20.12,1.46
801086,电子化学品Ⅱ,2026-08-07,12332.74,14.2,3.63,13.72,104.36,6.81,61.0,2.64,4389.73,125.42,0.33
801051,金属新材料,2026-08-07,9490.49,5.78,3.32,6.56,67.51,4.09,38.62,0.61,1800.8,56.27,0.58
801084,光学光电子,2026-08-07,1846.21,52.44,2.49,5.74,61.25,2.5,31.95,2.62,7969.27,85.69,0.63
801012,农产品加工,2026-08-07,2147.92,4.1,0.08,4.68,39.53,1.95,12.71,0.19,746.28,32.45,1.81
801014,饲料,2026-08-07,3504.95,2.45,-1.32,2.05,46.1,1.99,13.38,0.12,974.37,54.13,1.29
801015,渔业,2026-08-07,678.71,1.13,-0.15,4.1,141.99,2.32,4.99,0.02,98.47,16.41,0.19
801016,种植业,2026-08-07,2268.48,7.89,-0.71,7.4,36.58,2.14,7.56,0.21,708.3,35.42,1.23
801017,养殖业,2026-08-07,2592.93,3.88,-0.04,1.66,35.04,2.32,11.67,0.19,2465.08,112.05,2.78
801018,动物保健Ⅱ,2026-08-07,4566.27,0.74,2.91,2.53,44.53,2.04,13.5,0.04,332.25,36.92,1.37
801019,农业综合Ⅱ,2026-08-07,1153.64,0.25,-1.68,2.36,37.02,1.28,4.39,0.0,47.35,23.67,2.07
801032,化学纤维,2026-08-07,4587.59,4.57,0.68,3.57,40.31,1.77,12.83,0.19,1036.01,39.85,0.89
801033,化学原料,2026-08-07,3287.74,16.35,0.31,4.49,30.45,1.74,11.5,0.84,3463.82,60.77,1.61
801034,化学制品,2026-08-07,6651.68,27.04,0.91,5.6,28.44,2.28,20.38,2.39,8498.17,49.7,1.47
801036,塑料,2026-08-07,4864.53,12.71,3.07,6.43,63.49,3.36,27.72,1.19,3366.74,46.76,0.57
801037,橡胶,2026-08-07,4642.24,1.82,1.17,3.93,57.33,2.57,18.38,0.15,524.37,30.85,0.69
801038,农化制品,2026-08-07,5256.29,13.03,0.86,3.62,20.68,2.21,15.81,0.73,4910.32,83.23,1.61
801039,非金属材料Ⅱ,2026-08-07,6229.69,1.11,5.59,8.14,57.11,3.48,46.4,0.27,526.1,65.76,0.46
801085,消费电子,2026-08-07,10344.62,23.65,1.46,5.81,37.95,4.69,41.81,3.88,13278.49,145.92,0.79
801043,冶钢原料,2026-08-07,3194.59,2.24,0.27,2.37,44.29,1.78,10.32,0.08,605.17,67.24,1.57
801045,特钢Ⅱ,2026-08-07,3870.09,2.45,-0.23,2.12,17.2,1.24,10.8,0.07,718.29,59.86,3.09
801152,生物制品,2026-08-07,5635.99,8.57,6.06,4.34,44.51,2.23,31.0,0.87,3358.76,65.86,1.04
801053,贵金属,2026-08-07,26871.14,8.98,3.21,7.67,24.59,4.27,28.78,0.97,2973.18,270.29,0.75
801054,小金属,2026-08-07,38832.57,14.78,4.3,11.38,54.08,5.41,40.91,2.93,5249.25,194.42,0.63
801055,工业金属,2026-08-07,3556.63,45.54,2.86,5.1,16.93,2.98,16.32,3.13,14905.75,252.64,1.63
801056,能源金属,2026-08-07,17317.08,4.76,2.78,8.16,25.87,2.29,53.18,0.99,2734.13,248.56,0.44
801072,通用设备,2026-08-07,8000.58,35.52,2.61,6.62,66.6,3.92,43.36,3.29,9781.38,44.87,0.56
801074,专用设备,2026-08-07,11842.03,23.39,2.08,4.43,43.75,3.18,27.38,2.24,7821.77,43.21,0.87
801076,轨交设备Ⅱ,2026-08-07,5602.52,3.75,0.05,1.9,18.4,1.2,15.44,0.14,1327.55,44.25,3.45
801077,工程机械,2026-08-07,22055.46,5.26,-0.76,1.95,19.38,1.94,24.71,0.3,3676.73,131.31,2.24
801078,自动化设备,2026-08-07,20993.08,11.67,3.18,6.21,80.58,5.96,53.73,2.5,7735.16,97.91,0.35
801081,半导体,2026-08-07,10186.81,46.86,3.29,8.21,123.78,9.57,132.29,17.71,53548.86,300.84,0.13
801082,其他电子Ⅱ,2026-08-07,16328.88,6.56,2.53,7.31,57.43,5.49,38.23,0.93,2230.77,67.6,0.34
801083,元件,2026-08-07,23123.65,30.56,6.74,13.61,82.08,10.17,71.49,7.36,16376.93,272.95,0.45
801044,普钢,2026-08-07,2075.73,16.63,-0.4,2.84,36.64,0.78,3.03,0.21,1533.77,69.72,1.65
801153,医疗器械,2026-08-07,5813.39,10.35,2.49,4.18,37.44,2.43,31.51,1.22,6033.87,46.77,1.26
801206,互联网电商,2026-08-07,10118.45,3.92,-0.05,4.16,33.77,2.44,16.22,0.17,615.97,34.22,0.91
801155,中药Ⅱ,2026-08-07,5767.11,15.18,1.45,3.93,23.96,1.99,16.66,0.72,3955.62,59.93,3.0
801743,地面兵装Ⅱ,2026-08-07,14922.4,2.06,0.44,4.38,110.2,2.88,24.4,0.17,636.16,53.01,0.37
801744,航海装备Ⅱ,2026-08-07,3200.75,2.52,0.19,2.86,27.31,2.18,34.2,0.31,2557.24,255.72,0.71
801745,军工电子Ⅱ,2026-08-07,6167.06,10.4,2.6,5.56,95.02,4.43,39.28,1.21,4933.46,80.88,0.32
801764,游戏Ⅱ,2026-08-07,2909.49,12.38,-0.11,4.75,24.91,3.29,28.37,0.75,3356.73,129.11,1.29
801765,广告营销,2026-08-07,2707.51,23.69,0.91,9.28,62.06,4.37,11.62,1.19,2113.54,75.48,2.71
801766,影视院线,2026-08-07,1062.58,8.64,-0.44,6.6,248.0,2.64,8.93,0.25,903.64,47.56,0.29
801767,数字媒体,2026-08-07,1635.09,2.42,-0.51,7.0,67.24,2.72,20.21,0.19,573.78,40.98,0.52
801769,出版,2026-08-07,1443.98,4.54,0.16,4.26,23.09,1.53,11.14,0.27,845.01,29.14,2.06
801782,国有大型银行Ⅱ,2026-08-07,1899.74,14.37,-0.43,1.36,7.22,0.6,6.95,0.44,7238.9,1206.48,4.12
801783,股份制银行Ⅱ,2026-08-07,4162.6,10.56,-0.6,1.1,5.54,0.44,11.25,0.39,9820.59,1091.18,5.32
801784,城商行Ⅱ,2026-08-07,1033.19,7.95,-0.88,1.2,5.81,0.52,9.57,0.28,6073.72,357.28,4.72
801785,农商行Ⅱ,2026-08-07,757.0,4.35,-1.13,1.61,5.65,0.53,4.92,0.09,1421.31,142.13,4.76
801881,摩托车及其他,2026-08-07,3391.7,1.04,-0.6,2.28,26.09,3.22,51.8,0.09,857.2,57.15,2.05
801951,煤炭开采,2026-08-07,3707.08,14.38,-0.22,5.13,19.8,1.5,11.9,0.65,4011.45,154.29,2.64
801952,焦炭Ⅱ,2026-08-07,1120.99,3.99,-2.35,5.32,561.23,1.21,3.24,0.06,244.51,34.93,0.47
801961,油气开采Ⅱ,2026-08-07,2515.04,2.09,0.23,1.93,15.32,1.55,11.21,0.09,976.93,244.23,2.37
801962,油服工程,2026-08-07,2358.26,4.86,-0.15,4.29,25.49,1.58,10.56,0.2,641.28,49.33,1.63
801963,炼化及贸易,2026-08-07,3040.85,9.99,0.89,2.23,20.62,1.3,10.4,0.41,3769.47,125.65,2.08
801971,环境治理,2026-08-07,1855.85,12.86,0.4,3.08,23.38,1.43,13.44,0.52,3033.08,29.16,1.37
801972,环保设备Ⅱ,2026-08-07,2134.94,4.56,0.81,6.86,39.56,2.32,17.45,0.24,815.57,31.37,1.04
801981,个护用品,2026-08-07,1242.27,0.6,0.3,3.1,27.58,1.89,19.17,0.04,249.15,20.76,2.0
801982,化妆品,2026-08-07,5838.05,1.12,0.12,4.18,28.84,2.49,21.65,0.09,417.04,32.08,1.52
801983,医疗美容,2026-08-07,1113.8,0.22,2.23,2.19,39.34,3.43,49.15,0.04,237.35,79.12,1.27
801991,航空机场,2026-08-07,2355.22,5.44,-1.0,1.39,24.72,2.16,12.19,0.12,1664.34,138.7,1.11
801992,航运港口,2026-08-07,3372.04,9.88,-0.21,2.33,14.28,1.29,7.89,0.34,2851.01,83.85,3.31
801993,旅游及景区,2026-08-07,1891.92,2.23,-0.05,2.57,44.1,2.4,14.29,0.09,633.59,25.34,1.29
801994,教育,2026-08-07,1787.34,6.91,-0.34,6.23,98.48,4.4,13.62,0.19,521.1,30.65,0.45
801995,电视广播Ⅱ,2026-08-07,998.84,4.33,-0.91,3.77,63.73,1.1,9.66,0.12,640.31,45.74,1.31
801011,林业Ⅱ,2026-08-07,1629.06,1.61,-1.25,8.42,5076.96,5.66,10.88,0.05,131.88,32.97,0.02
801742,航空装备Ⅱ,2026-08-07,8303.05,5.39,0.7,3.01,64.71,3.09,29.54,0.69,4399.17,97.76,0.55
801741,航天装备Ⅱ,2026-08-07,26568.29,2.32,3.09,5.54,391.71,4.88,40.13,0.34,1179.95,131.11,0.09
801738,电网设备,2026-08-07,5561.66,28.48,0.15,5.27,31.7,2.83,19.84,1.83,8743.9,69.4,1.16
801737,电池,2026-08-07,23408.17,20.91,0.93,4.82,27.67,3.38,37.66,3.09,20183.85,208.08,1.18
801156,医疗服务,2026-08-07,8343.98,15.09,8.4,6.33,33.55,4.09,37.9,2.14,6659.22,130.57,0.89
801161,电力,2026-08-07,3270.72,56.17,-0.11,3.6,21.01,1.56,8.3,1.82,10968.65,100.63,2.61
801163,燃气Ⅱ,2026-08-07,3149.86,3.8,0.05,3.49,23.77,1.87,12.32,0.19,982.22,35.08,2.05
801178,物流,2026-08-07,4131.03,5.12,-0.74,2.06,16.47,1.09,11.11,0.21,2468.11,52.51,2.67
801179,铁路公路,2026-08-07,1494.49,7.42,-0.83,1.91,16.88,0.87,7.92,0.19,2035.65,61.69,2.7
801181,房地产开发,2026-08-07,2161.19,31.85,-0.51,3.37,18.95,0.75,5.58,0.62,3788.84,45.65,0.86
801183,房地产服务,2026-08-07,737.13,2.88,-0.65,3.9,47.38,1.41,6.48,0.04,230.04,19.17,1.26
801191,多元金融,2026-08-07,1130.52,6.2,-1.05,2.5,20.33,1.2,8.7,0.2,1473.48,61.4,1.41
801193,证券Ⅱ,2026-08-07,6211.34,20.69,-0.16,1.52,15.37,1.19,10.73,1.09,15600.81,312.02,2.14
801194,保险Ⅱ,2026-08-07,1183.83,2.03,-0.34,1.2,6.87,1.01,38.23,0.3,7090.52,1418.1,4.81
801202,贸易Ⅱ,2026-08-07,4183.11,1.54,-0.53,2.52,22.41,1.31,7.41,0.05,406.18,33.85,1.79
801203,一般零售,2026-08-07,2701.21,13.82,-0.63,3.22,38.31,1.45,10.79,0.37,2123.11,35.39,1.27
801204,专业连锁Ⅱ,2026-08-07,3592.31,0.89,-1.07,3.09,58.86,2.7,10.58,0.04,260.18,37.17,1.47
801207,旅游零售Ⅱ,2026-08-07,6531.74,0.57,0.38,3.4,30.73,2.12,30.26,0.09,544.9,272.45,1.17
801154,医药商业,2026-08-07,4576.21,8.73,1.1,7.17,18.04,1.2,13.15,0.35,1156.85,36.15,2.28
801216,体育Ⅱ,2026-08-07,1443.0,0.35,-0.38,4.33,,3.03,9.28,0.01,62.74,31.37,
801219,酒店餐饮,2026-08-07,1466.02,1.24,-0.86,4.13,26.59,1.55,9.96,0.04,251.05,27.89,2.04
801223,通信服务,2026-08-07,2173.17,14.83,-1.06,3.81,26.56,1.75,20.66,0.78,3782.05,102.22,2.24
801231,综合Ⅱ,2026-08-07,4177.31,3.41,0.77,2.88,91.66,2.72,7.73,0.13,967.75,48.39,0.26
801711,水泥,2026-08-07,4022.36,4.66,-0.1,3.48,21.2,0.66,7.77,0.16,1006.13,47.91,2.92
801712,玻璃玻纤,2026-08-07,21460.9,12.57,7.11,11.72,60.89,3.7,24.87,1.86,2208.56,138.04,0.64
801713,装修建材,2026-08-07,4380.27,3.92,-0.3,3.07,34.22,1.71,15.07,0.17,1194.25,34.12,2.71
801721,房屋建设Ⅱ,2026-08-07,2756.08,4.22,-1.12,2.32,7.39,0.44,8.0,0.08,725.15,90.64,3.92
801722,装修装饰Ⅱ,2026-08-07,3918.44,5.27,-0.84,5.37,68.62,2.39,11.13,0.18,491.44,22.34,0.91
801723,基础建设,2026-08-07,2077.11,11.06,-0.47,1.97,9.4,0.49,7.86,0.23,2442.58,61.06,2.8
801724,专业工程,2026-08-07,1774.23,6.54,0.95,2.71,20.75,1.07,20.2,0.35,1621.85,43.83,1.71
801726,工程咨询服务Ⅱ,2026-08-07,2188.14,6.32,0.47,8.16,47.55,1.96,17.1,0.49,977.08,24.43,0.78
801731,电机Ⅱ,2026-08-07,12980.66,3.58,0.48,4.77,49.95,3.29,29.58,0.34,1249.63,48.06,0.73
801733,其他电源设备Ⅱ,2026-08-07,38576.65,6.09,1.35,3.71,61.91,3.34,39.41,0.76,2993.94,93.56,0.67
801736,风电设备,2026-08-07,2254.56,6.03,2.05,3.95,33.87,1.66,25.17,0.47,1978.29,65.94,0.89
801218,专业服务,2026-08-07,5601.25,3.27,0.81,4.91,27.37,2.32,21.2,0.21,885.35,30.53,1.4
801735,光伏设备,2026-08-07,5514.9,18.15,2.97,4.26,45.42,2.72,30.18,1.71,7592.22,115.03,0.77
801995,电视广播Ⅱ,2026-08-10,1014.91,3.67,1.61,3.19,64.69,1.11,9.89,0.11,650.61,46.47,1.29
801993,旅游及景区,2026-08-10,1928.63,2.44,1.94,2.82,44.96,2.45,14.55,0.1,645.88,25.84,1.27
801086,电子化学品Ⅱ,2026-08-10,12471.71,11.71,1.13,11.31,105.76,6.9,60.75,2.39,4441.28,126.89,0.32
801092,汽车服务,2026-08-10,448.44,1.2,0.91,2.82,41.15,1.73,6.75,0.04,234.72,26.08,0.73
801093,汽车零部件,2026-08-10,7337.8,28.5,1.54,3.56,25.54,2.35,22.23,2.05,11797.05,48.75,1.29
801095,乘用车,2026-08-10,14535.12,3.61,0.8,2.06,25.58,1.67,24.44,0.32,3654.5,456.81,0.92
801096,商用车,2026-08-10,7026.56,3.5,1.27,2.72,23.05,2.54,11.6,0.18,1338.68,102.98,2.9
801101,计算机设备,2026-08-10,2967.49,11.99,-0.63,4.22,40.15,3.7,27.41,1.42,6647.59,81.07,1.25
801102,通信设备,2026-08-10,9141.59,26.76,-3.67,8.15,66.43,9.26,73.25,9.1,23632.57,278.03,0.31
801103,IT服务Ⅱ,2026-08-10,4931.58,28.71,-0.31,4.86,116.89,3.46,22.82,2.13,8034.22,65.85,0.28
801104,软件开发,2026-08-10,6016.66,23.5,0.06,4.92,89.72,4.44,31.98,2.36,9407.98,72.37,0.46
801111,白色家电,2026-08-10,19554.64,1.8,1.82,1.13,11.77,2.13,20.34,0.28,6708.73,609.88,5.03
801112,黑色家电,2026-08-10,1910.48,2.09,1.17,2.72,29.11,2.06,20.12,0.1,776.1,86.23,1.43
801113,小家电,2026-08-10,4097.21,1.23,2.19,3.33,23.75,2.48,25.45,0.11,686.11,34.31,1.53
801114,厨卫电器,2026-08-10,7893.82,0.71,2.29,3.23,21.16,1.5,10.81,0.04,204.22,22.69,3.53
801115,照明设备Ⅱ,2026-08-10,4371.98,0.99,0.06,2.53,52.79,1.94,23.44,0.07,264.13,22.01,1.5
801116,家电零部件Ⅱ,2026-08-10,6558.37,3.21,-0.53,3.5,38.49,3.49,19.23,0.28,1620.01,55.86,0.93
801117,其他家电Ⅱ,2026-08-10,540.12,0.29,2.49,2.64,43.88,1.24,9.1,0.01,61.87,20.62,1.43
801124,食品加工,2026-08-10,12723.94,4.29,1.86,5.03,25.45,2.06,15.52,0.17,975.57,39.02,3.14
801125,白酒Ⅱ,2026-08-10,37941.82,3.14,2.7,3.77,20.36,3.78,107.99,0.95,10152.86,534.36,4.03
801126,非白酒,2026-08-10,3494.7,1.33,1.35,2.56,23.87,2.52,14.61,0.09,703.69,43.98,2.6
801127,饮料乳品,2026-08-10,7186.42,4.97,2.11,3.83,17.97,2.96,18.79,0.4,2613.77,100.53,3.95
801128,休闲食品,2026-08-10,1671.19,1.83,2.68,4.4,18.47,1.97,16.08,0.11,512.74,23.31,2.59
801129,调味发酵品Ⅱ,2026-08-10,7071.84,4.72,2.92,6.07,29.01,3.61,16.86,0.29,1384.11,98.87,2.36
801131,纺织制造,2026-08-10,1762.91,4.44,2.21,4.54,23.24,1.65,13.24,0.22,767.04,23.97,2.42
801132,服装家纺,2026-08-10,1488.35,7.39,2.17,4.01,27.64,1.74,11.69,0.28,1294.04,21.93,2.56
801133,饰品,2026-08-10,1422.04,6.6,3.44,10.81,21.02,1.9,11.48,0.17,443.02,29.53,2.58
801141,包装印刷,2026-08-10,2756.43,6.35,1.1,4.0,37.3,2.25,11.47,0.25,1180.33,29.51,1.49
801142,家居用品,2026-08-10,1619.3,5.97,2.03,4.95,28.11,1.83,17.51,0.33,1438.45,19.7,2.2
801143,造纸,2026-08-10,2093.43,4.55,2.32,2.97,27.49,1.16,10.57,0.13,776.72,33.77,1.55
801145,文娱用品,2026-08-10,1694.29,1.6,3.01,5.26,41.61,2.96,17.22,0.1,413.43,20.67,1.12
801085,消费电子,2026-08-10,10300.06,18.49,-0.43,4.54,37.76,4.66,41.92,3.27,13221.29,145.29,0.79
801151,化学制药,2026-08-10,12252.14,41.34,0.69,6.97,41.87,3.21,24.18,3.23,10410.73,69.87,0.94
801083,元件,2026-08-10,22834.43,28.74,-1.25,12.8,81.07,10.03,70.77,7.62,16172.1,269.54,0.46
801081,半导体,2026-08-10,10150.59,39.58,-0.36,6.93,123.22,9.47,132.6,17.0,53344.48,299.69,0.13
801994,教育,2026-08-10,1814.66,6.0,1.53,5.41,99.98,4.47,13.88,0.18,529.06,31.12,0.44
801011,林业Ⅱ,2026-08-10,1674.37,1.39,2.78,7.24,5218.19,5.82,11.22,0.04,135.55,33.89,0.02
801012,农产品加工,2026-08-10,2201.69,4.41,2.5,5.04,40.52,2.0,13.08,0.19,764.96,33.26,1.76
801014,饲料,2026-08-10,3603.09,4.44,2.8,3.71,47.4,2.04,13.78,0.17,1001.65,55.65,1.25
801015,渔业,2026-08-10,702.87,1.5,3.56,5.43,147.04,2.4,5.19,0.03,101.97,17.0,0.19
801016,种植业,2026-08-10,2300.46,6.15,1.41,5.78,37.09,2.17,7.68,0.17,718.29,35.91,1.21
801017,养殖业,2026-08-10,2701.62,7.13,4.19,3.04,36.5,2.42,12.24,0.39,2568.42,116.75,2.67
801018,动物保健Ⅱ,2026-08-10,4630.99,0.61,1.42,2.09,45.16,2.07,13.73,0.03,336.96,37.44,1.35
801019,农业综合Ⅱ,2026-08-10,1192.26,0.37,3.35,3.49,38.26,1.33,4.54,0.01,48.93,24.47,2.0
801032,化学纤维,2026-08-10,4621.88,4.47,0.75,3.48,40.45,1.78,12.99,0.19,1049.71,40.37,0.88
801033,化学原料,2026-08-10,3358.68,16.29,2.16,4.47,31.11,1.78,11.78,0.89,3538.56,62.08,1.58
801034,化学制品,2026-08-10,6796.14,29.01,2.17,6.0,29.07,2.33,20.67,2.51,8682.6,50.78,1.44
801036,塑料,2026-08-10,4882.21,12.82,0.36,6.49,63.77,3.37,27.87,1.19,3375.25,46.88,0.57
801037,橡胶,2026-08-10,4710.07,1.75,1.46,3.77,58.17,2.6,18.7,0.14,532.03,31.3,0.68
801038,农化制品,2026-08-10,5353.47,14.87,1.85,4.13,21.06,2.25,16.17,0.86,5001.11,84.76,1.58
801039,非金属材料Ⅱ,2026-08-10,6201.5,1.07,-0.45,7.85,57.07,3.48,45.99,0.25,523.72,65.47,0.47
801043,冶钢原料,2026-08-10,3258.88,2.9,2.01,3.07,45.18,1.82,10.56,0.1,617.35,68.59,1.54
801044,普钢,2026-08-10,2090.95,12.92,0.73,2.21,36.91,0.78,3.06,0.18,1545.02,70.23,1.64
801045,特钢Ⅱ,2026-08-10,3888.97,2.75,0.49,2.37,17.28,1.24,10.98,0.09,721.79,60.15,3.07
801051,金属新材料,2026-08-10,9523.63,4.84,0.35,5.5,67.67,4.1,38.66,0.55,1807.93,56.5,0.58
801053,贵金属,2026-08-10,27917.7,10.79,3.89,9.22,25.55,4.43,30.39,1.24,3088.97,280.82,0.72
801054,小金属,2026-08-10,39974.94,15.17,2.94,11.67,55.73,5.57,42.09,3.3,5406.84,200.25,0.55
801055,工业金属,2026-08-10,3601.38,43.66,1.26,4.88,17.14,3.02,16.61,3.21,15093.29,255.82,1.54
801056,能源金属,2026-08-10,17916.94,5.64,3.46,9.66,26.75,2.37,55.36,1.18,2828.84,257.17,0.43
801072,通用设备,2026-08-10,8040.92,30.65,0.5,5.71,66.95,3.94,43.14,3.07,9833.63,45.11,0.58
801074,专用设备,2026-08-10,11888.86,22.98,0.4,4.35,43.98,3.19,27.45,2.18,7852.7,43.39,0.87
801076,轨交设备Ⅱ,2026-08-10,5676.62,3.72,1.32,1.89,18.65,1.22,15.68,0.14,1345.11,44.84,3.23
801077,工程机械,2026-08-10,22266.3,6.88,0.96,2.54,19.56,1.96,25.02,0.34,3711.88,132.57,2.18
801078,自动化设备,2026-08-10,20652.08,9.32,-1.62,4.95,79.26,5.86,52.85,2.09,7609.52,96.32,0.35
801082,其他电子Ⅱ,2026-08-10,16374.53,5.91,0.28,6.59,57.55,5.44,38.27,0.83,2237.0,67.79,0.33
801152,生物制品,2026-08-10,5689.96,8.22,0.96,4.16,44.73,2.24,31.82,1.0,3390.92,66.49,1.03
801084,光学光电子,2026-08-10,1825.99,43.72,-1.09,4.79,60.52,2.47,31.94,2.41,7882.03,84.75,0.63
801154,医药商业,2026-08-10,4697.93,8.73,2.66,7.17,18.53,1.24,13.5,0.38,1187.62,37.11,2.22
801737,电池,2026-08-10,23687.3,21.67,1.19,5.0,28.0,3.42,37.99,3.29,20424.53,210.56,1.35
801738,电网设备,2026-08-10,5621.03,35.72,1.07,6.61,32.04,2.86,20.14,2.2,8837.24,70.14,1.15
801741,航天装备Ⅱ,2026-08-10,26768.75,2.24,0.75,5.32,393.54,4.93,40.87,0.37,1193.94,132.66,0.09
801742,航空装备Ⅱ,2026-08-10,8474.12,6.23,2.06,3.47,66.04,3.16,29.98,0.78,4489.8,99.77,0.54
801743,地面兵装Ⅱ,2026-08-10,15686.21,3.23,5.12,6.87,115.24,3.01,26.95,0.3,668.72,55.73,0.36
801744,航海装备Ⅱ,2026-08-10,3214.59,2.97,0.43,3.36,27.42,2.19,34.58,0.34,2568.3,256.83,0.7
801745,军工电子Ⅱ,2026-08-10,6214.34,9.44,0.77,5.05,95.59,4.46,39.79,1.18,4971.28,81.5,0.31
801764,游戏Ⅱ,2026-08-10,2955.97,10.73,1.6,4.11,25.32,3.34,28.96,0.64,3410.84,131.19,1.27
801765,广告营销,2026-08-10,2742.83,19.12,1.3,7.49,63.1,4.45,11.77,1.02,2141.12,76.47,2.67
801766,影视院线,2026-08-10,1097.17,10.82,3.26,8.26,256.07,2.73,9.22,0.39,933.05,49.11,0.28
801767,数字媒体,2026-08-10,1634.16,1.75,-0.06,5.04,67.18,2.72,20.21,0.13,573.46,40.96,0.51
801769,出版,2026-08-10,1443.17,3.81,-0.06,3.57,23.07,1.53,11.21,0.24,844.54,29.12,2.06
801783,股份制银行Ⅱ,2026-08-10,4176.01,8.44,0.32,0.88,5.55,0.44,11.29,0.36,9852.24,1094.69,5.31
801784,城商行Ⅱ,2026-08-10,1044.46,7.61,1.09,1.15,5.87,0.52,9.68,0.3,6139.96,361.17,4.67
801785,农商行Ⅱ,2026-08-10,757.43,3.87,0.06,1.43,5.65,0.53,4.93,0.09,1422.13,142.21,4.76
801881,摩托车及其他,2026-08-10,3448.26,1.06,1.67,2.34,26.51,3.27,53.02,0.11,871.5,58.1,2.02
801951,煤炭开采,2026-08-10,3794.34,11.43,2.35,4.08,20.27,1.54,12.15,0.58,4105.88,157.92,2.58
801952,焦炭Ⅱ,2026-08-10,1144.52,3.02,2.1,4.02,573.02,1.24,3.31,0.05,249.65,35.66,0.46
801961,油气开采Ⅱ,2026-08-10,2547.72,1.89,1.3,1.74,15.52,1.57,11.44,0.1,989.62,247.41,2.34
801962,油服工程,2026-08-10,2385.21,4.64,1.14,4.09,25.78,1.6,10.79,0.19,648.61,49.89,1.61
801963,炼化及贸易,2026-08-10,3089.31,10.27,1.59,2.29,20.95,1.32,10.58,0.45,3829.53,127.65,2.05
801971,环境治理,2026-08-10,1891.2,14.75,1.91,3.54,23.86,1.46,13.69,0.6,3090.86,29.72,1.35
801972,环保设备Ⅱ,2026-08-10,2147.82,4.17,0.6,6.27,39.78,2.34,17.67,0.23,820.5,31.56,1.04
801981,个护用品,2026-08-10,1268.22,0.74,2.09,3.83,28.14,1.93,19.61,0.05,254.35,21.2,1.96
801982,化妆品,2026-08-10,5988.6,1.38,2.58,5.13,29.54,2.55,22.1,0.12,427.79,32.91,1.49
801983,医疗美容,2026-08-10,1115.0,0.17,0.11,1.67,39.38,3.44,49.29,0.04,237.61,79.2,1.27
801991,航空机场,2026-08-10,2366.19,4.57,0.47,1.17,24.84,2.17,12.26,0.1,1672.1,139.34,0.94
801992,航运港口,2026-08-10,3406.23,10.59,1.01,2.49,14.42,1.31,8.02,0.4,2879.91,84.7,3.31
801153,医疗器械,2026-08-10,5842.76,10.4,0.51,4.2,37.68,2.44,31.64,1.34,6064.38,47.01,1.25
801736,风电设备,2026-08-10,2256.06,5.91,0.07,3.87,33.95,1.66,25.21,0.48,1981.62,66.05,0.89
801735,光伏设备,2026-08-10,5509.76,15.41,-0.09,3.62,45.36,2.71,30.25,1.4,7583.26,114.9,0.77
801782,国有大型银行Ⅱ,2026-08-10,1902.68,12.95,0.15,1.22,7.24,0.6,6.97,0.42,7250.11,1208.35,4.11
801156,医疗服务,2026-08-10,8670.75,19.23,3.92,8.04,34.93,4.25,39.52,3.24,6927.64,135.84,0.85
801155,中药Ⅱ,2026-08-10,5790.73,14.05,0.41,3.64,24.06,2.0,16.72,0.74,3971.95,60.18,2.94
801733,其他电源设备Ⅱ,2026-08-10,38413.25,5.59,-0.42,3.42,61.63,3.32,39.1,0.77,2981.26,93.16,0.68
801161,电力,2026-08-10,3296.66,61.0,0.79,3.91,21.18,1.57,8.41,2.11,11055.66,101.43,2.5
801163,燃气Ⅱ,2026-08-10,3210.38,3.63,1.92,3.33,24.23,1.91,12.6,0.19,1001.09,35.75,2.02
801178,物流,2026-08-10,4199.52,5.15,1.66,2.08,16.75,1.11,11.3,0.22,2509.03,53.38,2.62
801179,铁路公路,2026-08-10,1497.98,7.64,0.23,1.96,16.92,0.87,8.03,0.21,2040.4,61.83,2.84
801181,房地产开发,2026-08-10,2196.33,34.98,1.63,3.7,19.25,0.77,5.69,0.67,3849.98,46.39,0.8
801183,房地产服务,2026-08-10,749.93,3.38,1.74,4.59,48.2,1.44,6.67,0.05,234.03,19.5,1.24
801191,多元金融,2026-08-10,1152.12,6.25,1.91,2.51,20.72,1.22,8.62,0.21,1501.63,62.57,1.39
801194,保险Ⅱ,2026-08-10,1177.48,2.11,-0.54,1.25,6.84,1.01,37.82,0.35,7052.5,1410.5,4.6
801202,贸易Ⅱ,2026-08-10,4279.77,1.67,2.31,2.75,22.93,1.34,7.62,0.06,415.57,34.63,1.75
801203,一般零售,2026-08-10,2751.79,14.02,1.87,3.27,39.03,1.48,11.02,0.4,2162.86,36.05,1.14
801204,专业连锁Ⅱ,2026-08-10,3661.94,0.93,1.94,3.22,60.03,2.75,10.83,0.04,265.23,37.89,1.44
801206,互联网电商,2026-08-10,10209.02,3.85,0.9,4.09,34.08,2.46,16.37,0.16,621.12,34.51,0.9
801207,旅游零售Ⅱ,2026-08-10,6584.06,0.49,0.8,2.93,30.98,2.13,30.51,0.08,549.27,274.63,1.16
801193,证券Ⅱ,2026-08-10,6232.41,18.18,0.34,1.34,15.43,1.19,10.75,0.99,15653.74,313.07,2.13
801726,工程咨询服务Ⅱ,2026-08-10,2206.64,5.27,0.85,6.76,47.8,1.96,17.31,0.42,987.28,24.68,0.78
801731,电机Ⅱ,2026-08-10,12849.38,2.97,-1.01,3.95,49.44,3.25,29.39,0.29,1237.0,47.58,0.74
801216,体育Ⅱ,2026-08-10,1488.93,0.45,3.18,5.57,,3.13,9.59,0.02,64.74,32.37,
801724,专业工程,2026-08-10,1789.0,7.08,0.83,2.94,20.92,1.08,20.3,0.38,1635.35,44.2,1.69
801723,基础建设,2026-08-10,2092.15,11.16,0.72,1.99,9.47,0.49,8.0,0.25,2460.96,61.52,2.75
801722,装修装饰Ⅱ,2026-08-10,3942.05,4.79,0.6,4.89,69.04,2.41,11.1,0.17,494.4,22.47,0.91
801713,装修建材,2026-08-10,4451.26,4.13,1.62,3.22,34.86,1.73,15.19,0.19,1216.66,34.76,2.66
801721,房屋建设Ⅱ,2026-08-10,2772.66,4.0,0.6,2.2,7.43,0.44,8.03,0.08,729.51,91.19,3.9
801711,水泥,2026-08-10,4098.0,4.62,1.88,3.45,21.59,0.67,7.89,0.16,1025.05,48.81,2.87
801231,综合Ⅱ,2026-08-10,4232.64,3.46,1.32,2.93,92.87,2.75,7.87,0.14,980.57,49.03,0.26
801223,通信服务,2026-08-10,2176.24,10.27,0.14,2.64,26.62,1.76,20.48,0.63,3787.4,102.36,2.24
801219,酒店餐饮,2026-08-10,1527.83,1.58,4.22,5.27,27.74,1.62,10.33,0.07,261.63,29.07,1.96
801218,专业服务,2026-08-10,5688.55,3.17,1.56,4.75,27.83,2.36,21.44,0.22,899.15,31.01,1.37
801712,玻璃玻纤,2026-08-10,21238.48,10.26,-1.04,9.57,60.22,3.66,24.74,1.64,2185.67,136.6,0.65
801104,软件开发,2026-08-11,6009.51,24.62,-0.12,5.16,89.51,4.43,32.06,2.71,9396.79,72.28,0.46
801114,厨卫电器,2026-08-11,7864.59,0.64,-0.37,2.9,21.08,1.5,10.67,0.04,203.46,22.61,3.54
801113,小家电,2026-08-11,4097.5,0.91,0.01,2.45,23.77,2.48,25.41,0.1,686.16,34.31,1.53
801112,黑色家电,2026-08-11,1919.86,1.98,0.49,2.57,29.25,2.07,20.36,0.1,779.91,86.66,1.43
801111,白色家电,2026-08-11,19555.03,1.44,0.0,0.9,11.77,2.13,20.34,0.22,6708.86,609.9,5.03
801103,IT服务Ⅱ,2026-08-11,4919.32,28.14,-0.25,4.76,116.64,3.46,22.75,2.33,8014.26,65.69,0.28
801092,汽车服务,2026-08-11,446.49,0.9,-0.43,2.11,40.96,1.72,6.73,0.03,233.7,25.97,0.74
801101,计算机设备,2026-08-11,2932.17,10.76,-1.19,3.78,39.65,3.66,27.28,1.34,6568.84,80.11,1.27
801096,商用车,2026-08-11,6842.14,3.56,-2.62,2.77,22.44,2.56,11.35,0.24,1303.54,100.27,2.98
801095,乘用车,2026-08-11,14367.89,2.91,-1.15,1.66,25.28,1.65,24.14,0.26,3612.45,451.56,0.93
801093,汽车零部件,2026-08-11,7324.75,27.52,-0.18,3.44,25.44,2.35,22.37,2.35,11776.07,48.66,1.3
801115,照明设备Ⅱ,2026-08-11,4332.46,0.8,-0.9,2.04,52.81,1.94,23.05,0.06,261.74,21.81,1.51
801102,通信设备,2026-08-11,9263.65,21.4,1.34,6.52,67.3,9.38,73.74,7.39,23948.11,281.74,0.31
801116,家电零部件Ⅱ,2026-08-11,6640.81,4.39,1.26,4.79,38.93,3.53,19.3,0.44,1640.37,56.56,0.95
801151,化学制药,2026-08-11,12327.85,44.24,0.62,7.46,42.14,3.23,24.31,3.53,10475.53,70.31,0.94
801124,食品加工,2026-08-11,12638.2,4.24,-0.67,4.97,25.28,2.04,15.33,0.16,968.99,38.76,3.17
801125,白酒Ⅱ,2026-08-11,37714.3,2.09,-0.6,2.5,20.24,3.75,107.39,0.58,10091.98,531.16,4.05
801126,非白酒,2026-08-11,3465.56,1.03,-0.83,1.99,23.67,2.5,14.47,0.07,697.82,43.61,2.63
801127,饮料乳品,2026-08-11,7119.43,4.14,-0.93,3.19,17.81,2.94,18.64,0.37,2589.4,99.59,3.98
801128,休闲食品,2026-08-11,1655.52,1.3,-0.94,3.12,18.3,1.95,15.94,0.09,507.93,23.09,2.61
801129,调味发酵品Ⅱ,2026-08-11,6975.44,4.63,-1.36,5.96,28.61,3.56,16.7,0.3,1365.25,97.52,2.39
801131,纺织制造,2026-08-11,1755.59,3.44,-0.42,3.52,23.14,1.65,13.21,0.19,763.85,23.87,2.43
801132,服装家纺,2026-08-11,1498.82,6.47,0.7,3.51,27.84,1.75,11.73,0.27,1303.15,22.09,2.57
801133,饰品,2026-08-11,1412.19,5.36,-0.69,8.77,20.88,1.89,11.28,0.18,439.96,29.33,2.6
801141,包装印刷,2026-08-11,2725.72,5.17,-1.11,3.25,36.85,2.22,11.39,0.23,1167.18,29.18,1.51
801142,家居用品,2026-08-11,1609.07,4.83,-0.63,4.0,27.94,1.82,17.45,0.26,1429.45,19.58,2.21
801143,造纸,2026-08-11,2102.0,4.3,0.41,2.81,27.62,1.17,10.74,0.14,780.48,33.93,1.54
801145,文娱用品,2026-08-11,1665.32,1.31,-1.71,4.28,40.8,2.9,17.04,0.08,406.36,20.32,1.14
801086,电子化学品Ⅱ,2026-08-11,12211.38,9.58,-2.09,9.25,103.47,6.76,59.6,2.27,4357.9,124.51,0.33
801117,其他家电Ⅱ,2026-08-11,531.65,0.33,-1.57,2.96,43.19,1.23,9.05,0.01,60.9,20.3,1.45
801085,消费电子,2026-08-11,10177.97,17.27,-1.19,4.25,37.38,4.61,41.84,3.24,13066.59,143.59,0.8
801011,林业Ⅱ,2026-08-11,1676.24,1.03,0.11,5.35,5224.0,5.82,11.48,0.04,135.7,33.93,0.02
801083,元件,2026-08-11,22835.81,26.97,0.01,11.98,81.45,10.04,72.04,7.4,16252.7,266.44,0.46
801152,生物制品,2026-08-11,5763.02,7.6,1.28,3.85,45.25,2.27,32.27,1.08,3434.47,67.34,1.02
801012,农产品加工,2026-08-11,2162.84,3.25,-1.76,3.72,39.8,1.97,12.96,0.16,751.46,32.67,1.8
801014,饲料,2026-08-11,3556.19,3.03,-1.3,2.54,46.81,2.02,13.61,0.14,988.94,54.94,1.27
801015,渔业,2026-08-11,694.16,1.02,-1.24,3.7,145.22,2.37,5.12,0.02,100.71,16.79,0.19
801016,种植业,2026-08-11,2256.93,4.4,-1.89,4.13,36.39,2.13,7.55,0.13,704.7,35.23,1.23
801017,养殖业,2026-08-11,2679.07,6.5,-0.83,2.77,36.2,2.4,12.18,0.37,2546.98,115.77,2.69
801018,动物保健Ⅱ,2026-08-11,4559.68,0.48,-1.54,1.66,44.46,2.04,13.57,0.03,331.77,36.86,1.37
801019,农业综合Ⅱ,2026-08-11,1175.57,0.24,-1.4,2.2,37.72,1.31,4.47,0.01,48.25,24.12,2.03
801032,化学纤维,2026-08-11,4538.0,3.91,-1.81,3.05,39.71,1.75,12.78,0.17,1030.66,39.64,0.89
801033,化学原料,2026-08-11,3304.36,14.58,-1.62,3.99,30.62,1.75,11.62,0.9,3484.73,61.14,1.6
801034,化学制品,2026-08-11,6686.85,24.49,-1.61,5.07,28.64,2.29,20.56,2.31,8557.47,50.04,1.46
801036,塑料,2026-08-11,4913.72,11.65,0.65,5.9,64.26,3.4,27.88,1.23,3397.04,47.18,0.57
801037,橡胶,2026-08-11,4676.01,1.69,-0.72,3.64,57.76,2.58,18.57,0.13,528.18,31.07,0.69
801038,农化制品,2026-08-11,5190.66,13.89,-3.04,3.86,20.42,2.18,15.72,0.94,4849.01,82.19,1.63
801084,光学光电子,2026-08-11,1826.34,40.15,0.02,4.4,60.5,2.47,31.8,2.38,7883.52,84.77,0.63
801039,非金属材料Ⅱ,2026-08-11,6128.87,0.82,-1.17,6.0,56.42,3.44,45.27,0.2,517.59,64.7,0.47
801044,普钢,2026-08-11,2068.93,13.79,-1.05,2.36,36.52,0.77,3.05,0.23,1528.74,69.49,1.65
801045,特钢Ⅱ,2026-08-11,3804.73,2.74,-2.17,2.36,16.91,1.22,10.72,0.09,706.16,58.85,3.14
801051,金属新材料,2026-08-11,9337.6,4.09,-1.95,4.64,66.39,4.02,38.25,0.5,1772.61,55.39,0.59
801053,贵金属,2026-08-11,26426.47,14.22,-5.34,12.15,24.19,4.19,28.65,1.7,2923.98,265.82,0.76
801054,小金属,2026-08-11,38210.17,12.48,-4.41,9.6,53.26,5.33,40.39,2.79,5168.15,191.41,0.57
801055,工业金属,2026-08-11,3427.12,54.87,-4.84,6.14,16.31,2.87,16.02,4.42,14364.19,243.46,1.62
801056,能源金属,2026-08-11,17417.55,4.09,-2.79,7.02,26.03,2.3,53.96,0.95,2750.0,250.0,0.44
801072,通用设备,2026-08-11,7983.79,30.11,-0.71,5.61,66.41,3.91,42.66,3.18,9763.78,44.79,0.58
801074,专用设备,2026-08-11,11818.52,21.37,-0.59,4.05,43.72,3.18,27.27,2.02,7806.24,43.13,0.89
801076,轨交设备Ⅱ,2026-08-11,5662.1,3.31,-0.26,1.68,18.6,1.21,15.63,0.14,1341.67,44.72,3.24
801077,工程机械,2026-08-11,21886.1,6.73,-1.71,2.49,19.22,1.93,24.81,0.41,3648.49,130.3,2.22
801078,自动化设备,2026-08-11,20681.76,9.15,0.14,4.86,79.36,5.87,53.49,2.11,7618.68,96.44,0.35
801081,半导体,2026-08-11,10032.49,37.56,-1.16,6.58,121.72,9.35,131.12,15.83,52713.19,296.14,0.13
801082,其他电子Ⅱ,2026-08-11,16498.19,6.46,0.76,7.2,57.96,5.47,38.49,0.97,2253.89,68.3,0.33
801043,冶钢原料,2026-08-11,3196.45,2.6,-1.92,2.75,44.32,1.78,10.34,0.11,605.52,67.28,1.57
801153,医疗器械,2026-08-11,5831.56,9.22,-0.19,3.73,37.63,2.44,31.63,1.24,6052.76,46.92,1.25
801735,光伏设备,2026-08-11,5606.59,15.75,1.76,3.7,46.17,2.76,30.53,1.75,7716.53,116.92,0.76
801155,中药Ⅱ,2026-08-11,5796.27,18.03,0.1,4.67,24.08,2.0,16.69,0.78,3975.75,60.24,2.94
801741,航天装备Ⅱ,2026-08-11,25093.31,2.56,-6.26,6.09,368.9,4.62,38.78,0.42,1119.22,124.36,0.1
801742,航空装备Ⅱ,2026-08-11,8343.54,5.0,-1.54,2.79,65.02,3.11,29.51,0.68,4420.62,98.24,0.54
801743,地面兵装Ⅱ,2026-08-11,15317.43,2.54,-2.35,5.4,112.72,2.95,25.82,0.29,653.0,54.42,0.36
801744,航海装备Ⅱ,2026-08-11,3120.16,2.68,-2.94,3.03,26.62,2.13,33.17,0.36,2492.85,249.29,0.72
801745,军工电子Ⅱ,2026-08-11,6095.47,8.52,-1.91,4.55,93.79,4.37,39.11,1.23,4876.19,79.94,0.32
801764,游戏Ⅱ,2026-08-11,2916.23,10.98,-1.34,4.21,24.97,3.3,28.49,0.69,3364.97,129.42,1.29
801765,广告营销,2026-08-11,2718.11,16.19,-0.9,6.35,62.48,4.4,11.72,0.92,2121.81,75.78,2.7
801766,影视院线,2026-08-11,1105.49,11.12,0.76,8.49,258.01,2.75,9.35,0.48,940.13,49.48,0.27
801767,数字媒体,2026-08-11,1627.05,1.76,-0.43,5.09,66.88,2.71,20.16,0.15,570.96,40.78,0.52
801769,出版,2026-08-11,1425.1,3.12,-1.25,2.93,22.78,1.51,11.06,0.21,833.97,28.76,2.09
801782,国有大型银行Ⅱ,2026-08-11,1914.72,12.89,0.63,1.22,7.28,0.6,7.01,0.46,7295.98,1216.0,4.08
801783,股份制银行Ⅱ,2026-08-11,4160.45,7.59,-0.37,0.79,5.53,0.44,11.26,0.32,9815.52,1090.61,5.33
801785,农商行Ⅱ,2026-08-11,756.11,3.23,-0.17,1.19,5.64,0.53,4.91,0.08,1419.66,141.97,4.77
801881,摩托车及其他,2026-08-11,3412.26,0.87,-1.04,1.91,26.22,3.23,52.39,0.09,862.4,57.49,2.04
801738,电网设备,2026-08-11,5567.91,28.88,-0.95,5.34,31.76,2.83,19.96,1.98,8756.66,69.5,1.16
801951,煤炭开采,2026-08-11,3784.75,11.89,-0.25,4.24,20.22,1.53,12.1,0.65,4095.5,157.52,2.59
801961,油气开采Ⅱ,2026-08-11,2666.46,4.47,4.66,4.13,16.24,1.64,11.94,0.19,1035.74,258.94,2.24
801962,油服工程,2026-08-11,2411.5,7.0,1.1,6.18,26.07,1.62,10.92,0.35,655.76,50.44,1.59
801963,炼化及贸易,2026-08-11,3068.37,10.32,-0.68,2.3,20.81,1.3,10.48,0.49,3803.57,126.79,2.06
801971,环境治理,2026-08-11,1872.48,12.13,-0.99,2.91,23.58,1.44,13.63,0.54,3060.26,29.43,1.36
801972,环保设备Ⅱ,2026-08-11,2157.24,5.05,0.44,7.59,39.96,2.35,17.76,0.28,824.09,31.7,1.03
801981,个护用品,2026-08-11,1253.65,0.59,-1.15,3.06,27.81,1.9,19.36,0.05,251.43,20.95,1.98
801982,化妆品,2026-08-11,5959.3,1.15,-0.49,4.29,29.39,2.54,22.03,0.11,425.7,32.75,1.49
801983,医疗美容,2026-08-11,1099.9,0.16,-1.35,1.57,38.84,3.39,48.53,0.03,234.39,78.13,1.29
801991,航空机场,2026-08-11,2324.81,6.5,-1.75,1.66,24.4,2.13,12.06,0.16,1642.86,136.9,0.95
801992,航运港口,2026-08-11,3307.22,12.1,-2.91,2.85,14.01,1.27,7.83,0.52,2796.2,82.24,3.41
801993,旅游及景区,2026-08-11,1921.9,2.27,-0.35,2.62,44.8,2.44,14.53,0.11,643.63,25.75,1.27
801994,教育,2026-08-11,1782.6,4.42,-1.77,3.98,98.22,4.38,13.78,0.16,519.72,30.57,0.45
801154,医药商业,2026-08-11,4772.8,10.64,1.59,8.74,18.83,1.26,13.73,0.53,1206.54,37.7,2.18
801995,电视广播Ⅱ,2026-08-11,1011.6,3.63,-0.33,3.16,64.53,1.11,9.81,0.11,648.49,46.32,1.29
801952,焦炭Ⅱ,2026-08-11,1146.55,2.63,0.18,3.5,574.03,1.24,3.32,0.04,250.09,35.73,0.47
801737,电池,2026-08-11,23569.46,17.72,-0.5,4.09,27.87,3.4,37.95,2.98,20322.93,209.51,1.36
801784,城商行Ⅱ,2026-08-11,1042.47,5.6,-0.19,0.84,5.86,0.52,9.67,0.23,6128.26,360.49,4.68
801161,电力,2026-08-11,3309.02,60.43,0.38,3.87,21.25,1.58,8.4,2.24,11097.13,101.81,2.49
801156,医疗服务,2026-08-11,8646.61,17.77,-0.28,7.43,34.78,4.26,40.12,2.91,6908.35,135.46,0.85
801736,风电设备,2026-08-11,2186.53,6.01,-3.08,3.94,32.95,1.62,24.58,0.53,1920.36,64.01,0.92
801163,燃气Ⅱ,2026-08-11,3182.32,3.62,-0.87,3.33,24.02,1.89,12.44,0.24,992.34,35.44,2.03
801178,物流,2026-08-11,4182.95,4.53,-0.39,1.83,16.68,1.11,11.25,0.21,2499.13,53.17,2.63
801179,铁路公路,2026-08-11,1492.79,8.05,-0.35,2.06,16.86,0.87,8.07,0.23,2033.32,61.62,3.32
801181,房地产开发,2026-08-11,2196.93,29.79,0.03,3.15,19.26,0.77,5.73,0.6,3851.03,46.4,0.8
801183,房地产服务,2026-08-11,745.51,2.67,-0.59,3.62,47.91,1.43,6.58,0.04,232.65,19.39,1.25
801191,多元金融,2026-08-11,1144.53,5.13,-0.66,2.06,20.58,1.21,8.57,0.19,1491.73,62.16,1.4
801193,证券Ⅱ,2026-08-11,6189.62,17.22,-0.69,1.27,15.32,1.18,10.69,1.06,15546.27,310.93,2.14
801202,贸易Ⅱ,2026-08-11,4240.54,1.7,-0.92,2.79,22.72,1.33,7.55,0.07,411.76,34.31,1.76
801203,一般零售,2026-08-11,2747.39,14.76,-0.16,3.44,38.97,1.48,10.97,0.42,2159.41,35.99,1.15
801204,专业连锁Ⅱ,2026-08-11,3711.8,1.48,1.36,5.14,61.13,2.8,10.84,0.07,268.84,38.41,1.42
801206,互联网电商,2026-08-11,10115.97,2.99,-0.91,3.17,33.78,2.44,16.25,0.16,615.46,34.19,0.91
801207,旅游零售Ⅱ,2026-08-11,6497.71,0.39,-1.31,2.31,30.57,2.11,30.11,0.07,542.06,271.03,1.18
801216,体育Ⅱ,2026-08-11,1483.6,0.27,-0.36,3.36,,3.11,9.56,0.01,64.5,32.25,
801194,保险Ⅱ,2026-08-11,1159.7,2.24,-1.51,1.32,6.73,0.99,37.11,0.4,6946.02,1389.2,4.67
801219,酒店餐饮,2026-08-11,1515.2,1.55,-0.83,5.19,27.52,1.6,10.24,0.06,259.47,28.83,1.97
801733,其他电源设备Ⅱ,2026-08-11,38556.0,6.18,0.37,3.77,61.87,3.33,39.21,0.88,2992.33,93.51,0.68
801218,专业服务,2026-08-11,5593.24,2.48,-1.68,3.72,27.39,2.32,21.14,0.19,884.08,30.49,1.4
801726,工程咨询服务Ⅱ,2026-08-11,2258.81,6.53,2.36,8.38,49.36,2.03,17.2,0.55,1010.62,25.27,0.76
801724,专业工程,2026-08-11,1768.67,6.34,-1.14,2.63,20.68,1.06,20.11,0.35,1616.78,43.7,1.92
801723,基础建设,2026-08-11,2079.2,10.3,-0.62,1.83,9.41,0.49,7.96,0.23,2445.74,61.14,2.77
801722,装修装饰Ⅱ,2026-08-11,4005.03,3.77,1.6,3.84,70.14,2.44,11.35,0.17,502.3,22.83,0.89
801721,房屋建设Ⅱ,2026-08-11,2767.37,3.94,-0.19,2.17,7.42,0.44,8.04,0.09,728.12,91.01,3.91
801731,电机Ⅱ,2026-08-11,12992.59,3.1,1.11,4.12,50.02,3.29,29.69,0.37,1250.78,48.11,0.73
801712,玻璃玻纤,2026-08-11,21102.55,8.65,-0.64,8.06,59.53,3.62,24.42,1.46,2171.69,135.73,0.65
801711,水泥,2026-08-11,4039.31,4.25,-1.43,3.17,21.29,0.67,7.79,0.18,1010.37,48.11,2.91
801231,综合Ⅱ,2026-08-11,4203.7,4.32,-0.68,3.66,92.24,2.73,7.81,0.14,973.87,48.69,0.26
801223,通信服务,2026-08-11,2173.61,9.24,-0.12,2.38,26.58,1.75,20.35,0.65,3782.82,102.24,2.24
801713,装修建材,2026-08-11,4422.85,3.37,-0.64,2.62,34.65,1.72,15.1,0.17,1209.53,34.56,2.67
801114,厨卫电器,2026-08-12,7975.69,0.83,1.41,3.79,21.38,1.52,10.79,0.05,206.34,22.93,3.49
801113,小家电,2026-08-12,4086.94,1.15,-0.26,3.1,23.7,2.48,25.46,0.11,684.39,34.22,1.53
801112,黑色家电,2026-08-12,1922.86,1.53,0.16,1.99,29.3,2.06,20.26,0.08,781.12,86.79,1.43
801111,白色家电,2026-08-12,19323.64,1.61,-1.18,1.01,11.63,2.1,20.23,0.25,6629.48,602.68,5.09
801104,软件开发,2026-08-12,6021.01,22.39,0.19,4.69,89.63,4.43,32.25,2.61,9414.77,72.42,0.46
801103,IT服务Ⅱ,2026-08-12,4953.13,27.56,0.69,4.66,117.5,3.48,22.98,2.56,8069.33,66.14,0.28
801101,计算机设备,2026-08-12,2945.77,10.51,0.46,3.7,39.83,3.67,27.47,1.36,6599.32,80.48,1.26
801096,商用车,2026-08-12,6928.67,4.38,1.26,3.4,22.72,2.6,11.45,0.34,1320.03,101.54,2.94
801095,乘用车,2026-08-12,14459.61,3.35,0.64,1.92,25.45,1.66,24.33,0.29,3635.51,454.44,0.92
801093,汽车零部件,2026-08-12,7391.93,25.92,0.92,3.24,25.67,2.37,22.61,2.32,11887.84,49.12,1.28
801092,汽车服务,2026-08-12,449.55,0.84,0.68,1.98,41.27,1.73,6.77,0.03,235.3,26.14,0.73
801115,照明设备Ⅱ,2026-08-12,4376.08,1.01,1.01,2.56,53.08,1.95,23.4,0.06,264.44,22.04,1.5
801102,通信设备,2026-08-12,9619.38,24.78,3.84,7.55,69.92,9.75,77.05,9.1,24865.06,292.53,0.3
801116,家电零部件Ⅱ,2026-08-12,6658.28,3.16,0.26,3.45,38.97,3.54,19.69,0.34,1644.68,56.71,0.95
801151,化学制药,2026-08-12,12330.25,36.96,0.02,6.23,42.15,3.22,24.27,2.93,10477.57,70.32,0.94
801124,食品加工,2026-08-12,12722.08,3.79,0.66,4.44,25.44,2.06,15.57,0.16,975.42,39.02,3.14
801125,白酒Ⅱ,2026-08-12,37862.9,2.77,0.39,3.32,20.32,3.77,108.0,0.83,10131.74,533.25,4.04
801126,非白酒,2026-08-12,3487.3,1.17,0.63,2.25,23.81,2.51,14.58,0.09,702.2,43.89,2.61
801127,饮料乳品,2026-08-12,7126.65,4.58,0.1,3.53,17.82,2.94,18.92,0.36,2592.03,99.69,3.98
801128,休闲食品,2026-08-12,1672.35,1.64,1.02,3.93,18.48,1.98,16.06,0.12,513.09,23.32,2.59
801129,调味发酵品Ⅱ,2026-08-12,7035.36,4.82,0.86,6.19,28.86,3.59,16.85,0.32,1376.97,98.36,2.37
801131,纺织制造,2026-08-12,1766.62,3.39,0.63,3.47,23.29,1.65,13.35,0.2,768.65,24.02,2.42
801132,服装家纺,2026-08-12,1508.41,7.07,0.64,3.83,28.02,1.77,11.78,0.31,1311.48,22.23,2.56
801133,饰品,2026-08-12,1413.27,5.17,0.08,8.47,20.9,1.89,11.31,0.15,440.29,29.35,2.6
801141,包装印刷,2026-08-12,2766.09,5.07,1.48,3.19,37.39,2.26,11.56,0.26,1184.47,29.61,1.49
801142,家居用品,2026-08-12,1629.73,4.63,1.28,3.83,28.35,1.84,17.62,0.28,1447.8,19.83,2.19
801143,造纸,2026-08-12,2117.59,5.32,0.74,3.5,29.26,1.18,10.77,0.17,764.52,33.24,1.58
801145,文娱用品,2026-08-12,1689.93,1.21,1.48,3.97,41.45,2.95,17.16,0.08,412.37,20.62,1.12
801086,电子化学品Ⅱ,2026-08-12,12427.39,8.35,1.77,8.06,105.24,6.87,60.69,2.02,4434.98,126.71,0.32
801117,其他家电Ⅱ,2026-08-12,539.58,0.25,1.49,2.22,43.84,1.24,9.2,0.01,61.8,20.6,1.43
801085,消费电子,2026-08-12,10304.39,16.6,1.24,4.08,37.82,4.66,42.68,3.53,13228.9,145.37,0.79
801011,林业Ⅱ,2026-08-12,1709.23,1.31,1.97,6.86,5326.83,5.94,11.38,0.05,138.37,34.59,0.01
801083,元件,2026-08-12,23401.89,22.08,2.48,9.81,83.46,10.3,73.93,7.06,16655.59,273.04,0.45
801152,生物制品,2026-08-12,5751.57,5.93,-0.2,3.01,45.17,2.26,32.05,0.93,3427.64,67.21,1.02
801012,农产品加工,2026-08-12,2164.39,2.61,0.07,2.98,39.83,1.97,12.93,0.15,752.0,32.7,1.8
801014,饲料,2026-08-12,3563.16,2.87,0.2,2.4,46.87,2.02,13.82,0.16,990.87,55.05,1.27
801015,渔业,2026-08-12,702.69,0.98,1.23,3.52,147.01,2.4,5.18,0.02,101.95,16.99,0.19
801016,种植业,2026-08-12,2269.46,3.64,0.56,3.41,36.59,2.15,7.59,0.12,708.61,35.43,1.23
801017,养殖业,2026-08-12,2668.9,5.62,-0.38,2.4,36.06,2.39,12.21,0.32,2537.31,115.33,2.7
801018,动物保健Ⅱ,2026-08-12,4647.48,0.66,1.93,2.27,45.32,2.08,13.87,0.06,338.16,37.57,1.35
801019,农业综合Ⅱ,2026-08-12,1188.74,0.21,1.12,1.97,38.15,1.32,4.53,0.01,48.79,24.39,2.0
801032,化学纤维,2026-08-12,4552.59,3.3,0.32,2.57,39.84,1.75,12.84,0.15,1033.97,39.77,0.89
801033,化学原料,2026-08-12,3307.89,11.72,0.11,3.23,30.69,1.75,11.68,0.74,3475.67,60.98,1.61
801034,化学制品,2026-08-12,6715.53,24.35,0.43,5.04,28.73,2.3,20.8,2.33,8594.18,50.26,1.45
801036,塑料,2026-08-12,4955.5,11.95,0.85,6.05,64.76,3.42,28.15,1.23,3425.93,47.58,0.56
801037,橡胶,2026-08-12,4729.22,1.74,1.14,3.74,58.42,2.61,18.75,0.14,534.19,31.42,0.68
801038,农化制品,2026-08-12,5209.73,10.76,0.37,2.99,20.5,2.19,15.76,0.73,4866.83,82.49,1.63
801084,光学光电子,2026-08-12,1860.69,34.65,1.88,3.79,61.61,2.51,32.96,2.38,8031.77,86.36,0.62
801039,非金属材料Ⅱ,2026-08-12,6421.73,0.81,4.78,5.91,59.4,3.62,48.29,0.26,542.32,67.79,0.45
801044,普钢,2026-08-12,2077.15,12.87,0.4,2.2,36.66,0.78,3.07,0.24,1534.82,69.76,1.65
801045,特钢Ⅱ,2026-08-12,3832.07,2.02,0.72,1.74,17.03,1.22,10.78,0.07,711.23,59.27,3.12
801051,金属新材料,2026-08-12,9465.26,3.18,1.37,3.61,67.38,4.08,38.79,0.43,1796.85,56.15,0.58
801053,贵金属,2026-08-12,26975.19,8.87,2.08,7.58,24.69,4.28,29.26,1.1,2984.69,271.34,0.75
801054,小金属,2026-08-12,38792.5,9.52,1.52,7.32,54.07,5.41,41.08,2.51,5246.91,194.33,0.57
801055,工业金属,2026-08-12,3460.38,37.33,0.97,4.18,16.47,2.9,16.15,3.09,14503.61,245.82,1.6
801056,能源金属,2026-08-12,17489.5,4.23,0.41,7.25,26.15,2.31,53.98,0.97,2761.36,251.03,0.44
801072,通用设备,2026-08-12,8157.17,33.78,2.17,6.3,67.84,3.99,44.16,3.43,9975.81,45.76,0.57
801074,专用设备,2026-08-12,11966.56,20.44,1.25,3.87,44.25,3.21,27.73,2.14,7904.02,43.67,0.88
801076,轨交设备Ⅱ,2026-08-12,5712.29,3.64,0.89,1.85,18.77,1.22,15.75,0.16,1353.56,45.12,3.21
801077,工程机械,2026-08-12,21839.29,6.3,-0.21,2.33,19.17,1.92,24.94,0.4,3640.69,130.02,2.22
801078,自动化设备,2026-08-12,20878.0,8.78,0.95,4.67,80.09,5.92,54.42,2.28,7690.98,97.35,0.35
801081,半导体,2026-08-12,10249.29,34.37,2.16,6.02,124.4,9.56,133.97,16.47,53852.49,302.54,0.13
801082,其他电子Ⅱ,2026-08-12,16849.54,6.88,2.13,7.67,59.34,5.6,39.17,1.2,2301.89,69.75,0.33
801043,冶钢原料,2026-08-12,3228.34,2.01,1.0,2.12,44.76,1.8,10.46,0.1,611.57,67.95,1.55
801153,医疗器械,2026-08-12,5847.74,8.18,0.28,3.31,37.71,2.44,31.79,1.13,6069.55,47.05,1.25
801994,教育,2026-08-12,1825.13,5.19,2.39,4.68,100.56,4.49,13.96,0.2,532.11,31.3,0.44
801155,中药Ⅱ,2026-08-12,5768.19,17.15,-0.48,4.44,23.96,1.99,16.63,0.83,3958.16,59.97,2.95
801741,航天装备Ⅱ,2026-08-12,25702.25,1.64,2.43,3.89,377.86,4.73,39.52,0.3,1146.38,127.38,0.09
801742,航空装备Ⅱ,2026-08-12,8452.76,3.96,1.31,2.21,65.87,3.15,29.97,0.71,4478.49,99.52,0.54
801743,地面兵装Ⅱ,2026-08-12,15375.03,1.75,0.38,3.73,113.13,2.96,25.9,0.21,655.45,54.62,0.36
801744,航海装备Ⅱ,2026-08-12,3111.6,1.7,-0.27,1.93,26.55,2.12,33.0,0.25,2486.01,248.6,0.73
801745,军工电子Ⅱ,2026-08-12,6142.18,6.12,0.77,3.27,94.64,4.41,39.44,0.98,4919.72,80.65,0.32
801764,游戏Ⅱ,2026-08-12,2928.01,9.53,0.4,3.65,25.08,3.31,28.5,0.62,3378.57,129.94,1.28
801765,广告营销,2026-08-12,2759.64,23.26,1.53,9.12,63.54,4.48,11.94,1.41,2154.23,76.94,2.66
801766,影视院线,2026-08-12,1126.98,13.11,1.94,10.01,263.03,2.81,9.52,0.63,958.4,50.44,0.27
801767,数字媒体,2026-08-12,1649.68,2.08,1.39,6.01,67.77,2.74,20.46,0.19,578.9,41.35,0.51
801769,出版,2026-08-12,1430.85,3.01,0.4,2.82,22.87,1.52,11.09,0.22,837.33,28.87,2.08
801782,国有大型银行Ⅱ,2026-08-12,1903.84,13.66,-0.57,1.29,7.24,0.6,6.98,0.51,7254.52,1209.09,4.11
801783,股份制银行Ⅱ,2026-08-12,4145.05,7.62,-0.37,0.79,5.51,0.44,11.22,0.35,9779.19,1086.58,5.35
801154,医药商业,2026-08-12,4753.61,9.83,-0.4,8.07,18.75,1.25,13.7,0.52,1201.69,37.55,2.19
801785,农商行Ⅱ,2026-08-12,757.43,2.81,0.17,1.04,5.65,0.53,4.91,0.07,1422.12,142.21,4.76
801881,摩托车及其他,2026-08-12,3352.28,0.73,-1.76,1.61,25.73,3.17,51.34,0.11,847.24,56.48,2.08
801951,煤炭开采,2026-08-12,3725.41,9.42,-1.57,3.36,19.9,1.51,11.93,0.55,4031.29,155.05,2.63
801952,焦炭Ⅱ,2026-08-12,1157.18,2.48,0.93,3.31,579.35,1.25,3.35,0.05,252.41,36.06,0.46
801961,油气开采Ⅱ,2026-08-12,2620.56,3.71,-1.72,3.43,15.96,1.61,11.68,0.14,1017.91,254.48,2.28
801962,油服工程,2026-08-12,2364.9,5.71,-1.93,5.04,25.56,1.59,10.65,0.28,643.09,49.47,1.62
801963,炼化及贸易,2026-08-12,3024.29,9.12,-1.44,2.03,20.51,1.28,10.48,0.47,3748.93,124.96,2.09
801971,环境治理,2026-08-12,1892.62,12.43,1.08,2.98,23.84,1.46,13.82,0.57,3093.18,29.74,1.32
801972,环保设备Ⅱ,2026-08-12,2194.79,4.13,1.74,6.22,40.67,2.39,18.19,0.26,838.44,32.25,1.02
801981,个护用品,2026-08-12,1250.47,0.46,-0.25,2.4,27.72,1.9,19.33,0.04,250.79,20.9,1.99
801982,化妆品,2026-08-12,5979.78,1.1,0.34,4.1,29.54,2.55,22.07,0.11,427.16,32.86,1.49
801983,医疗美容,2026-08-12,1100.66,0.14,0.07,1.35,38.87,3.39,48.59,0.04,234.55,78.18,1.29
801991,航空机场,2026-08-12,2337.4,5.03,0.54,1.29,24.53,2.15,12.13,0.12,1651.75,137.65,0.95
801992,航运港口,2026-08-12,3337.48,10.05,0.91,2.37,14.13,1.28,7.87,0.45,2821.78,82.99,3.38
801993,旅游及景区,2026-08-12,1929.68,2.56,0.4,2.95,44.98,2.45,14.49,0.16,646.23,25.85,1.27
801995,电视广播Ⅱ,2026-08-12,1032.16,4.3,2.03,3.74,65.89,1.13,9.91,0.13,661.67,47.26,1.27
801738,电网设备,2026-08-12,5628.81,26.35,1.09,4.87,32.1,2.86,20.28,1.99,8852.44,70.26,1.14
801737,电池,2026-08-12,23816.82,17.2,1.05,3.97,28.15,3.44,38.45,3.21,20537.49,211.73,1.35
801784,城商行Ⅱ,2026-08-12,1040.82,5.96,-0.16,0.9,5.85,0.52,9.66,0.25,6118.55,359.91,4.68
801735,光伏设备,2026-08-12,5692.05,18.41,1.52,4.33,46.88,2.81,31.21,1.94,7834.14,118.7,0.74
801736,风电设备,2026-08-12,2236.31,5.21,2.28,3.41,33.72,1.65,25.08,0.48,1965.37,65.51,0.9
801161,电力,2026-08-12,3293.26,57.68,-0.48,3.7,21.15,1.57,8.37,2.25,11044.26,101.32,2.5
801163,燃气Ⅱ,2026-08-12,3175.77,3.02,-0.21,2.77,23.97,1.88,12.44,0.18,990.29,35.37,2.04
801178,物流,2026-08-12,4174.95,3.9,-0.19,1.57,16.65,1.11,11.35,0.2,2494.35,53.07,2.64
801179,铁路公路,2026-08-12,1495.68,8.14,0.19,2.09,16.9,0.87,8.17,0.25,2037.27,61.74,3.31
801181,房地产开发,2026-08-12,2273.07,45.96,3.47,4.86,19.93,0.79,5.91,1.01,3984.49,48.01,0.77
801183,房地产服务,2026-08-12,770.17,3.97,3.31,5.39,49.5,1.48,6.82,0.08,240.35,20.03,1.21
801191,多元金融,2026-08-12,1153.54,5.76,0.79,2.31,20.75,1.22,8.66,0.21,1503.48,62.65,1.39
801193,证券Ⅱ,2026-08-12,6210.03,18.25,0.33,1.34,15.37,1.19,10.76,1.13,15597.51,311.95,2.14
801194,保险Ⅱ,2026-08-12,1161.26,1.65,0.13,0.98,6.74,0.99,37.24,0.32,6955.34,1391.07,4.66
801202,贸易Ⅱ,2026-08-12,4252.48,1.42,0.28,2.33,22.78,1.33,7.57,0.06,412.92,34.41,1.76
801203,一般零售,2026-08-12,2771.16,17.17,0.86,4.0,39.32,1.49,11.08,0.5,2180.79,36.35,1.15
801204,专业连锁Ⅱ,2026-08-12,3698.33,0.99,-0.36,3.45,60.84,2.79,10.84,0.05,267.86,38.27,1.43
801206,互联网电商,2026-08-12,10235.46,3.2,1.18,3.39,34.22,2.47,16.41,0.18,622.73,34.6,0.9
801207,旅游零售Ⅱ,2026-08-12,6521.26,0.44,0.36,2.63,30.68,2.11,30.23,0.08,544.03,272.01,1.17
801156,医疗服务,2026-08-12,8624.46,17.39,-0.26,7.26,34.66,4.24,40.18,2.56,6890.66,135.11,0.86
801218,专业服务,2026-08-12,5656.42,2.44,1.13,3.65,27.8,2.34,21.45,0.21,896.82,30.92,1.38
801733,其他电源设备Ⅱ,2026-08-12,39501.88,5.73,2.45,3.5,63.41,3.42,40.39,0.96,3065.74,95.8,0.66
801731,电机Ⅱ,2026-08-12,13018.22,2.69,0.2,3.58,50.11,3.3,29.95,0.3,1253.26,48.2,0.73
801726,工程咨询服务Ⅱ,2026-08-12,2314.1,8.43,2.45,10.82,50.75,2.09,17.4,0.87,1035.36,25.88,0.74
801724,专业工程,2026-08-12,1786.15,5.98,0.99,2.48,20.88,1.07,20.54,0.34,1632.75,44.13,1.9
801216,体育Ⅱ,2026-08-12,1506.34,0.32,1.53,3.99,,3.16,9.68,0.01,65.49,32.75,
801722,装修装饰Ⅱ,2026-08-12,4169.63,4.47,4.11,4.55,73.02,2.56,11.6,0.21,522.94,23.77,0.85
801723,基础建设,2026-08-12,2086.54,13.73,0.35,2.44,9.44,0.49,8.06,0.3,2454.37,61.36,2.76
801713,装修建材,2026-08-12,4504.05,3.66,1.84,2.85,35.29,1.75,15.41,0.22,1231.74,35.19,2.63
801712,玻璃玻纤,2026-08-12,21299.45,7.69,0.93,7.17,60.29,3.67,24.66,1.33,2191.95,137.0,0.65
801711,水泥,2026-08-12,4039.2,3.39,0.0,2.53,21.29,0.67,7.79,0.15,1010.34,48.11,2.91
801231,综合Ⅱ,2026-08-12,4333.57,6.53,3.09,5.52,95.09,2.82,7.96,0.19,1003.95,50.2,0.25
801223,通信服务,2026-08-12,2182.13,10.19,0.39,2.62,26.65,1.76,20.66,0.81,3797.65,102.64,2.23
801219,酒店餐饮,2026-08-12,1523.34,1.58,0.54,5.29,27.65,1.61,10.31,0.06,260.86,28.98,1.96
801721,房屋建设Ⅱ,2026-08-12,2769.88,5.63,0.09,3.1,7.43,0.44,8.09,0.11,728.78,91.1,3.9
801114,厨卫电器,2026-08-13,7978.58,1.16,0.04,5.26,21.38,1.52,10.79,0.06,206.41,22.93,3.49
801113,小家电,2026-08-13,4014.37,1.67,-1.78,4.51,23.29,2.43,25.04,0.1,672.24,33.61,1.56
801112,黑色家电,2026-08-13,1923.34,2.99,0.03,3.88,29.31,2.06,19.89,0.12,781.32,86.81,1.43
801111,白色家电,2026-08-13,19299.76,1.44,-0.12,0.9,11.62,2.1,20.15,0.19,6621.28,601.93,5.09
801104,软件开发,2026-08-13,5924.89,27.63,-1.6,5.79,88.23,4.36,31.71,2.9,9264.48,71.27,0.47
801092,汽车服务,2026-08-13,441.46,1.07,-1.8,2.51,40.53,1.7,6.65,0.03,231.07,25.67,0.75
801102,通信设备,2026-08-13,9656.99,29.92,0.39,9.11,70.18,9.77,77.4,8.95,24968.6,293.75,0.29
801101,计算机设备,2026-08-13,2956.93,15.03,0.38,5.29,40.0,3.69,27.31,2.02,6624.32,80.78,1.26
801096,商用车,2026-08-13,6770.08,3.54,-2.29,2.74,22.39,2.55,11.21,0.2,1300.55,100.04,2.98
801095,乘用车,2026-08-13,14266.56,3.18,-1.34,1.82,25.11,1.64,23.92,0.24,3586.98,448.37,0.93
801093,汽车零部件,2026-08-13,7303.6,26.95,-1.2,3.36,25.32,2.33,22.45,2.11,11752.0,48.56,1.45
801115,照明设备Ⅱ,2026-08-13,4329.58,1.25,-1.06,3.19,52.66,1.94,23.2,0.06,261.63,21.8,1.51
801103,IT服务Ⅱ,2026-08-13,4929.78,41.22,-0.47,6.98,116.91,3.46,22.84,3.33,8031.42,65.83,0.28
801116,家电零部件Ⅱ,2026-08-13,6541.65,3.59,-1.75,3.92,38.32,3.48,19.37,0.31,1615.87,55.72,0.96
801129,调味发酵品Ⅱ,2026-08-13,7013.77,5.36,-0.31,6.9,28.77,3.58,16.9,0.32,1372.75,98.05,2.38
801124,食品加工,2026-08-13,12655.46,4.65,-0.52,5.45,25.31,2.05,15.44,0.16,970.31,38.81,3.16
801125,白酒Ⅱ,2026-08-13,38140.11,2.79,0.73,3.35,20.47,3.8,108.89,0.71,10204.14,537.06,4.0
801126,非白酒,2026-08-13,3486.3,1.43,-0.03,2.75,23.81,2.51,14.58,0.08,702.0,43.87,2.61
801127,饮料乳品,2026-08-13,7113.74,5.3,-0.18,4.09,17.79,2.93,18.94,0.32,2587.33,99.51,3.99
801128,休闲食品,2026-08-13,1657.71,2.05,-0.87,4.93,18.32,1.96,15.88,0.12,508.6,23.12,2.61
801131,纺织制造,2026-08-13,1742.24,4.04,-1.38,4.14,22.97,1.63,13.09,0.19,758.04,23.69,2.45
801132,服装家纺,2026-08-13,1483.98,6.91,-1.62,3.75,27.56,1.74,11.59,0.26,1290.24,21.87,2.6
801133,饰品,2026-08-13,1376.85,4.82,-2.58,7.89,20.36,1.84,11.1,0.12,428.95,28.6,2.67
801141,包装印刷,2026-08-13,2720.64,4.9,-1.64,3.08,36.77,2.22,11.39,0.21,1165.25,29.13,1.51
801142,家居用品,2026-08-13,1603.72,4.6,-1.6,3.81,27.86,1.81,17.37,0.24,1424.92,19.52,2.22
801143,造纸,2026-08-13,2080.02,4.5,-1.77,2.96,28.74,1.16,10.58,0.13,750.96,32.65,1.6
801145,文娱用品,2026-08-13,1677.88,1.26,-0.71,4.13,41.17,2.93,17.04,0.08,409.43,20.47,1.13
801151,化学制药,2026-08-13,12397.32,45.01,0.54,7.59,42.39,3.24,24.49,3.26,10534.88,70.7,0.93
801117,其他家电Ⅱ,2026-08-13,536.37,0.45,-0.59,4.04,43.58,1.24,9.09,0.01,61.44,20.48,1.44
801086,电子化学品Ⅱ,2026-08-13,12113.05,9.97,-2.53,9.63,102.54,6.7,59.54,2.06,4322.8,123.51,0.33
801012,农产品加工,2026-08-13,2128.12,3.55,-1.68,4.06,39.16,1.94,12.74,0.14,739.4,32.15,1.83
801084,光学光电子,2026-08-13,1838.56,43.98,-1.19,4.82,60.89,2.48,32.58,2.35,7936.25,85.34,0.63
801152,生物制品,2026-08-13,5839.3,8.82,1.53,4.47,45.77,2.29,32.94,1.04,3479.92,68.23,1.04
801014,饲料,2026-08-13,3539.01,2.98,-0.68,2.49,46.59,2.01,13.63,0.12,984.16,54.68,1.28
801015,渔业,2026-08-13,705.64,1.35,0.42,4.87,147.62,2.4,5.19,0.02,102.37,17.06,0.19
801016,种植业,2026-08-13,2245.48,4.24,-1.06,3.98,36.21,2.12,7.5,0.12,701.12,35.06,1.24
801017,养殖业,2026-08-13,2681.3,5.86,0.46,2.5,36.23,2.4,12.18,0.27,2549.1,115.87,2.69
801018,动物保健Ⅱ,2026-08-13,4612.14,0.61,-0.76,2.1,44.97,2.07,13.75,0.04,335.59,37.29,1.36
801019,农业综合Ⅱ,2026-08-13,1157.06,0.31,-2.67,2.87,37.13,1.29,4.4,0.01,47.49,23.74,2.06
801032,化学纤维,2026-08-13,4492.21,3.96,-1.33,3.09,39.32,1.73,12.64,0.14,1020.26,39.24,0.9
801033,化学原料,2026-08-13,3240.81,14.19,-2.03,3.91,30.07,1.71,11.47,0.77,3405.18,59.74,1.64
801034,化学制品,2026-08-13,6595.66,26.06,-1.78,5.39,28.21,2.26,20.49,2.38,8443.99,49.38,1.48
801036,塑料,2026-08-13,4898.51,12.78,-1.15,6.47,64.01,3.38,27.94,1.15,3386.53,47.04,0.57
801037,橡胶,2026-08-13,4638.88,1.79,-1.91,3.85,57.3,2.56,18.41,0.12,523.99,30.82,0.69
801038,农化制品,2026-08-13,5036.12,12.85,-3.33,3.58,19.81,2.11,15.35,0.73,4704.33,79.73,1.68
801039,非金属材料Ⅱ,2026-08-13,6303.5,0.88,-1.84,6.45,58.35,3.55,47.44,0.27,532.33,66.54,0.46
801085,消费电子,2026-08-13,10217.99,21.03,-0.84,5.17,37.52,4.63,42.2,3.71,13118.68,144.16,0.8
801043,冶钢原料,2026-08-13,3186.29,3.12,-1.3,3.29,44.18,1.78,10.25,0.1,603.6,67.07,1.57
801045,特钢Ⅱ,2026-08-13,3786.96,2.21,-1.18,1.9,16.83,1.21,10.71,0.07,702.86,58.57,3.16
801051,金属新材料,2026-08-13,9350.14,3.71,-1.22,4.22,66.61,4.03,38.19,0.42,1774.99,55.47,0.59
801053,贵金属,2026-08-13,25549.49,9.6,-5.29,8.2,23.38,4.06,27.59,1.02,2826.94,256.99,1.19
801054,小金属,2026-08-13,37604.32,9.85,-3.06,7.58,52.41,5.24,39.93,2.14,5086.2,188.38,0.58
801055,工业金属,2026-08-13,3314.89,42.61,-4.2,4.77,15.78,2.78,15.58,3.04,13893.8,235.49,1.67
801056,能源金属,2026-08-13,17225.78,4.02,-1.51,6.89,25.76,2.28,53.38,0.77,2719.72,247.25,0.45
801072,通用设备,2026-08-13,8061.33,45.24,-1.17,8.43,67.08,3.95,43.72,3.46,9859.38,45.23,0.58
801074,专用设备,2026-08-13,11826.21,25.88,-1.17,4.9,43.72,3.18,27.34,2.16,7809.28,43.15,0.89
801076,轨交设备Ⅱ,2026-08-13,5605.09,3.56,-1.88,1.8,18.42,1.2,15.34,0.14,1328.16,44.27,4.09
801077,工程机械,2026-08-13,21551.73,5.82,-1.32,2.15,18.92,1.9,24.59,0.31,3592.75,128.31,2.25
801078,自动化设备,2026-08-13,20589.63,9.73,-1.38,5.17,78.99,5.84,53.78,2.28,7584.74,96.01,0.36
801081,半导体,2026-08-13,10098.61,39.69,-1.47,6.95,122.66,9.42,132.48,16.49,53076.36,298.18,0.13
801082,其他电子Ⅱ,2026-08-13,16538.24,6.8,-1.85,7.58,58.23,5.5,38.44,1.05,2259.37,68.47,0.33
801083,元件,2026-08-13,23048.36,24.35,-1.51,10.82,82.18,10.14,72.51,7.03,16403.97,268.92,0.46
801044,普钢,2026-08-13,2040.97,12.76,-1.74,2.19,36.38,0.77,3.0,0.19,1501.62,68.26,1.68
801153,医疗器械,2026-08-13,5893.56,11.38,0.78,4.6,37.99,2.46,32.02,1.36,6116.3,47.41,1.24
801735,光伏设备,2026-08-13,5574.1,16.59,-2.07,3.9,45.91,2.75,30.51,1.61,7671.8,116.24,0.76
801155,中药Ⅱ,2026-08-13,5816.08,24.93,0.83,6.46,24.16,2.01,16.78,0.99,3991.02,60.47,2.93
801742,航空装备Ⅱ,2026-08-13,8356.61,4.95,-1.14,2.76,65.12,3.11,29.68,0.65,4427.54,98.39,0.54
801743,地面兵装Ⅱ,2026-08-13,15176.24,2.04,-1.29,4.33,111.77,2.92,25.39,0.19,646.98,53.91,0.37
801744,航海装备Ⅱ,2026-08-13,3102.36,2.16,-0.3,2.45,26.47,2.11,32.99,0.23,2478.63,247.86,0.73
801745,军工电子Ⅱ,2026-08-13,6095.18,6.92,-0.77,3.7,93.92,4.38,39.04,1.02,4882.08,80.03,0.32
801764,游戏Ⅱ,2026-08-13,2872.02,11.43,-1.91,4.38,24.6,3.25,28.33,0.69,3313.97,127.46,1.31
801765,广告营销,2026-08-13,2706.86,28.72,-1.91,11.26,62.29,4.39,11.79,1.54,2113.03,75.47,2.71
801766,影视院线,2026-08-13,1096.38,12.17,-2.72,9.29,255.89,2.73,9.31,0.46,932.38,49.07,0.28
801767,数字媒体,2026-08-13,1640.61,3.49,-0.55,10.07,67.49,2.73,20.22,0.27,575.72,41.12,0.51
801769,出版,2026-08-13,1426.62,4.6,-0.3,4.32,22.79,1.52,11.15,0.27,834.85,28.79,2.09
801782,国有大型银行Ⅱ,2026-08-13,1925.96,15.65,1.16,1.48,7.32,0.61,7.05,0.5,7338.83,1223.14,4.06
801783,股份制银行Ⅱ,2026-08-13,4152.44,7.36,0.18,0.76,5.52,0.44,11.24,0.3,9796.63,1088.51,5.34
801784,城商行Ⅱ,2026-08-13,1043.7,5.89,0.28,0.89,5.87,0.52,9.7,0.22,6135.46,360.91,4.67
801785,农商行Ⅱ,2026-08-13,762.15,3.31,0.62,1.22,5.69,0.53,4.93,0.07,1430.98,143.1,4.73
801881,摩托车及其他,2026-08-13,3316.25,0.93,-1.07,2.03,25.74,3.14,49.64,0.1,849.9,53.12,2.1
801951,煤炭开采,2026-08-13,3697.73,8.66,-0.74,3.09,19.75,1.5,11.79,0.44,4001.33,153.9,2.66
801952,焦炭Ⅱ,2026-08-13,1141.32,2.22,-1.37,2.96,571.41,1.23,3.29,0.03,248.95,35.56,0.47
801961,油气开采Ⅱ,2026-08-13,2591.59,2.45,-1.11,2.26,15.79,1.59,11.54,0.1,1006.66,251.67,2.3
801962,油服工程,2026-08-13,2326.71,5.36,-1.61,4.73,25.15,1.57,10.41,0.2,632.7,48.67,1.65
801963,炼化及贸易,2026-08-13,2971.25,9.31,-1.75,2.08,20.15,1.26,10.34,0.38,3683.18,122.77,2.13
801971,环境治理,2026-08-13,1870.75,13.87,-1.16,3.33,23.57,1.44,13.61,0.54,3057.43,29.4,1.33
801972,环保设备Ⅱ,2026-08-13,2147.33,4.14,-2.16,6.24,39.78,2.34,17.73,0.23,819.97,31.54,1.04
801981,个护用品,2026-08-13,1235.32,0.54,-1.21,2.82,27.41,1.88,19.07,0.04,247.75,20.65,2.01
801982,化妆品,2026-08-13,5922.27,1.34,-0.96,4.98,29.27,2.53,21.88,0.1,423.06,32.54,1.5
801983,医疗美容,2026-08-13,1097.85,0.17,-0.26,1.68,38.77,3.38,48.42,0.04,233.95,77.98,1.29
801991,航空机场,2026-08-13,2316.08,4.44,-0.91,1.14,24.31,2.13,12.0,0.09,1636.69,136.39,0.96
801992,航运港口,2026-08-13,3320.25,10.77,-0.52,2.53,14.06,1.27,7.82,0.37,2807.21,82.57,3.39
801993,旅游及景区,2026-08-13,1911.37,2.33,-0.95,2.69,44.55,2.43,14.41,0.1,640.1,25.6,1.28
801994,教育,2026-08-13,1776.99,5.13,-2.64,4.62,97.91,4.37,13.55,0.17,518.08,30.48,0.45
801995,电视广播Ⅱ,2026-08-13,1016.14,4.86,-1.55,4.23,64.8,1.12,9.83,0.14,651.4,46.53,1.29
801741,航天装备Ⅱ,2026-08-13,25678.18,1.52,-0.09,3.62,377.5,4.73,39.35,0.24,1145.3,127.26,0.09
801738,电网设备,2026-08-13,5599.87,32.3,-0.51,5.96,31.98,2.85,20.22,2.23,8826.8,70.05,1.15
801737,电池,2026-08-13,23767.64,18.09,-0.21,4.17,28.11,3.43,38.19,2.88,20495.08,211.29,1.35
801736,风电设备,2026-08-13,2235.75,5.98,-0.03,3.91,33.7,1.65,24.89,0.45,1964.88,65.5,0.9
801156,医疗服务,2026-08-13,8832.24,20.94,2.41,8.75,35.48,4.34,41.86,2.7,7056.6,138.36,0.84
801161,电力,2026-08-13,3311.3,80.39,0.55,5.15,21.27,1.58,8.41,2.67,11104.77,101.88,2.49
801163,燃气Ⅱ,2026-08-13,3170.01,3.51,-0.18,3.22,23.92,1.88,12.4,0.19,988.5,35.3,2.04
801178,物流,2026-08-13,4133.93,5.47,-0.98,2.2,16.48,1.1,11.26,0.21,2469.84,52.55,2.67
801179,铁路公路,2026-08-13,1482.75,7.18,-0.86,1.84,16.75,0.86,8.07,0.19,2019.65,61.2,3.34
801181,房地产开发,2026-08-13,2224.33,43.93,-2.14,4.65,19.5,0.78,5.82,0.88,3899.06,46.98,0.79
801183,房地产服务,2026-08-13,745.83,3.17,-3.16,4.3,47.94,1.44,6.6,0.05,232.76,19.4,1.25
801191,多元金融,2026-08-13,1144.05,6.64,-0.82,2.67,20.58,1.21,8.55,0.19,1491.11,62.13,1.4
801193,证券Ⅱ,2026-08-13,6237.74,28.46,0.45,2.1,15.44,1.19,10.8,1.45,15667.13,313.34,2.13
801194,保险Ⅱ,2026-08-13,1164.31,1.85,0.26,1.09,6.76,1.0,37.24,0.29,6973.62,1394.72,4.65
801202,贸易Ⅱ,2026-08-13,4158.3,1.58,-2.21,2.59,22.28,1.3,7.42,0.05,403.78,33.65,1.85
801203,一般零售,2026-08-13,2736.89,16.77,-1.24,3.9,38.84,1.47,10.94,0.45,2153.82,35.9,1.24
801204,专业连锁Ⅱ,2026-08-13,3617.43,0.99,-2.19,3.46,59.32,2.72,10.62,0.05,262.0,37.43,1.46
801206,互联网电商,2026-08-13,10047.51,3.3,-1.84,3.5,33.52,2.42,16.14,0.14,611.3,33.96,0.91
801154,医药商业,2026-08-13,4772.6,11.26,0.4,9.25,18.79,1.25,13.87,0.46,1206.49,37.7,2.18
801207,旅游零售Ⅱ,2026-08-13,6442.5,0.46,-1.21,2.73,30.31,2.09,29.86,0.07,537.46,268.73,1.19
801218,专业服务,2026-08-13,5581.48,2.64,-1.32,3.91,27.5,2.32,21.03,0.2,893.07,30.8,1.38
801219,酒店餐饮,2026-08-13,1508.72,1.45,-0.96,4.86,27.36,1.6,10.19,0.05,258.36,28.71,1.98
801223,通信服务,2026-08-13,2183.79,14.51,0.08,3.73,26.66,1.76,20.66,1.02,3800.66,102.72,2.23
801231,综合Ⅱ,2026-08-13,4373.97,5.84,0.93,4.93,95.97,2.84,7.96,0.19,1013.31,50.67,0.25
801711,水泥,2026-08-13,3959.08,3.15,-1.98,2.35,20.86,0.65,7.61,0.12,990.3,47.16,2.97
801712,玻璃玻纤,2026-08-13,20634.89,8.53,-3.12,7.95,58.62,3.57,24.0,1.27,2123.56,132.72,0.67
801713,装修建材,2026-08-13,4420.38,3.83,-1.86,2.99,34.64,1.72,15.13,0.19,1209.13,34.55,2.67
801721,房屋建设Ⅱ,2026-08-13,2756.63,7.28,-0.48,4.0,7.39,0.44,8.21,0.14,725.29,90.66,3.92
801722,装修装饰Ⅱ,2026-08-13,4198.29,6.06,0.69,6.18,73.41,2.57,11.39,0.21,526.85,23.95,0.85
801723,基础建设,2026-08-13,2060.71,15.55,-1.24,2.77,9.32,0.48,7.91,0.28,2423.99,60.6,2.79
801724,专业工程,2026-08-13,1760.33,6.96,-1.45,2.89,20.59,1.06,20.2,0.36,1609.15,43.49,1.93
801726,工程咨询服务Ⅱ,2026-08-13,2316.25,8.5,0.09,10.92,50.86,2.09,17.04,0.77,1036.32,25.91,0.73
801731,电机Ⅱ,2026-08-13,12868.16,2.94,-1.15,3.91,49.55,3.26,29.74,0.27,1238.81,47.65,0.74
801733,其他电源设备Ⅱ,2026-08-13,39651.38,6.37,0.38,3.89,63.68,3.43,40.6,1.05,3077.35,96.17,0.66
801216,体育Ⅱ,2026-08-13,1470.61,0.31,-2.37,3.84,,3.09,9.45,0.01,63.94,31.97,
801011,林业Ⅱ,2026-08-13,1654.9,1.38,-3.18,7.22,5157.51,5.75,11.44,0.04,133.97,33.49,0.02
